Workbook

Sheet 月度汇总
A1: 类别 | B1: 项目 | C1: 月度汇总 | D1: 1日 | E1: 2日 | F1: 3日 | G1: 4日 | H1: 5日 | I1: 6日 | J1: 7日 | K1: 8日 | L1: 9日 | M1: 10日 | N1: 11日 | O1: 12日 | P1: 13日 | Q1: 14日 | R1: 15日 | S1: 16日 | T1: 17日 | U1: 18日 | V1: 19日 | W1: 20日 | X1: 21日 | Y1: 22日 | Z1: 23日 | AA1: 24日 | AB1: 25日 | AC1: 26日 | AD1: 27日 | AE1: 28日 | AF1: 29日 | AG1: 30日 | AH1: 31日
B2: 实际用电量（MWh） | C2: =SUM(D2:AH2) -> 14040.644 | D2: =SUMIF('计算过程-数据汇总'!$A:$A,'维护-日期'!B2,'计算过程-数据汇总'!$C:$C) -> 458.396 | E2: =SUMIF('计算过程-数据汇总'!$A:$A,'维护-日期'!C2,'计算过程-数据汇总'!$C:$C) -> 458.396 | F2: =SUMIF('计算过程-数据汇总'!$A:$A,'维护-日期'!D2,'计算过程-数据汇总'!$C:$C) -> 458.396 | G2: =SUMIF('计算过程-数据汇总'!$A:$A,'维护-日期'!E2,'计算过程-数据汇总'!$C:$C) -> 458.396 | H2: =SUMIF('计算过程-数据汇总'!$A:$A,'维护-日期'!F2,'计算过程-数据汇总'!$C:$C) -> 437.192 | I2: =SUMIF('计算过程-数据汇总'!$A:$A,'维护-日期'!G2,'计算过程-数据汇总'!$C:$C) -> 437.192 | J2: =SUMIF('计算过程-数据汇总'!$A:$A,'维护-日期'!H2,'计算过程-数据汇总'!$C:$C) -> 458.396 | K2: =SUMIF('计算过程-数据汇总'!$A:$A,'维护-日期'!I2,'计算过程-数据汇总'!$C:$C) -> 458.396 | ... AH2: =SUMIF('计算过程-数据汇总'!$A:$A,'维护-日期'!AF2,'计算过程-数据汇总'!$C:$C) -> 458.396
B3: 预测用电量（MWh） | C3: =SUM(D3:AH3) -> 14040.644 | D3: =SUMIF('计算过程-数据汇总'!$A:$A,'维护-日期'!B2,'计算过程-数据汇总'!$D:$D) -> 458.396 | E3: =SUMIF('计算过程-数据汇总'!$A:$A,'维护-日期'!C2,'计算过程-数据汇总'!$D:$D) -> 458.396 | F3: =SUMIF('计算过程-数据汇总'!$A:$A,'维护-日期'!D2,'计算过程-数据汇总'!$D:$D) -> 458.396 | G3: =SUMIF('计算过程-数据汇总'!$A:$A,'维护-日期'!E2,'计算过程-数据汇总'!$D:$D) -> 458.396 | H3: =SUMIF('计算过程-数据汇总'!$A:$A,'维护-日期'!F2,'计算过程-数据汇总'!$D:$D) -> 437.192 | I3: =SUMIF('计算过程-数据汇总'!$A:$A,'维护-日期'!G2,'计算过程-数据汇总'!$D:$D) -> 437.192 | J3: =SUMIF('计算过程-数据汇总'!$A:$A,'维护-日期'!H2,'计算过程-数据汇总'!$D:$D) -> 458.396 | K3: =SUMIF('计算过程-数据汇总'!$A:$A,'维护-日期'!I2,'计算过程-数据汇总'!$D:$D) -> 458.396 | ... AH3: =SUMIF('计算过程-数据汇总'!$A:$A,'维护-日期'!AF2,'计算过程-数据汇总'!$D:$D) -> 458.396
B4: 电量波动（%） | C4: =C2/C3-1 -> 0 | D4: =D2/D3-1 -> 0 | E4: =E2/E3-1 -> 0 | F4: =F2/F3-1 -> 0 | G4: =G2/G3-1 -> 0 | H4: =H2/H3-1 -> 0 | I4: =I2/I3-1 -> 0 | J4: =J2/J3-1 -> 0 | ... AH4: =AH2/AH3-1 -> 0
B5: 结算电价（元/MWh） | C5: =C6/C2 -> 372 | D5: =D6/D2 -> 372 | E5: =E6/E2 -> 372 | F5: =F6/F2 -> 372 | G5: =G6/G2 -> 372 | H5: =H6/H2 -> 372 | I5: =I6/I2 -> 372 | J5: =J6/J2 -> 372 | ... AH5: =AH6/AH2 -> 372
B6: 结算电费（元） | C6: =SUM(C7:C12) -> 5223119.6 | D6: =SUM(D7:D12) -> 170523.31 | E6: =SUM(E7:E12) -> 170523.31 | F6: =SUM(F7:F12) -> 170523.31 | G6: =SUM(G7:G12) -> 170523.31 | H6: =SUM(H7:H12) -> 162635.42 | I6: =SUM(I7:I12) -> 162635.42 | J6: =SUM(J7:J12) -> 170523.31 | ... AH6: =SUM(AH7:AH12) -> 170523.31
B7: 交易电费 | C7: =SUM(D7:AH7) -> 5223119.6 | D7: =D18+D9+D19+D22 -> 170523.31 | E7: =E18+E9+E19+E22 -> 170523.31 | F7: =F18+F9+F19+F22 -> 170523.31 | G7: =G18+G9+G19+G22 -> 170523.31 | H7: =H18+H9+H19+H22 -> 162635.42 | I7: =I18+I9+I19+I22 -> 162635.42 | J7: =J18+J9+J19+J22 -> 170523.31 | K7: =K18+K9+K19+K22 -> 170523.31 | ... AH7: =AH18+AH9+AH19+AH22 -> 170523.31
B8: ='计算过程-数据汇总'!Q1 -> 日前偏差超额回收（日考核） | C8: =SUM(D8:AH8) -> 0 | D8: =SUMIF('计算过程-数据汇总'!$A:$A,'维护-日期'!B2,'计算过程-数据汇总'!$Q:$Q) -> 0 | E8: =SUMIF('计算过程-数据汇总'!$A:$A,'维护-日期'!C2,'计算过程-数据汇总'!$Q:$Q) -> 0 | F8: =SUMIF('计算过程-数据汇总'!$A:$A,'维护-日期'!D2,'计算过程-数据汇总'!$Q:$Q) -> 0 | G8: =SUMIF('计算过程-数据汇总'!$A:$A,'维护-日期'!E2,'计算过程-数据汇总'!$Q:$Q) -> 0 | H8: =SUMIF('计算过程-数据汇总'!$A:$A,'维护-日期'!F2,'计算过程-数据汇总'!$Q:$Q) -> 0 | I8: =SUMIF('计算过程-数据汇总'!$A:$A,'维护-日期'!G2,'计算过程-数据汇总'!$Q:$Q) -> 0 | J8: =SUMIF('计算过程-数据汇总'!$A:$A,'维护-日期'!H2,'计算过程-数据汇总'!$Q:$Q) -> 0 | K8: =SUMIF('计算过程-数据汇总'!$A:$A,'维护-日期'!I2,'计算过程-数据汇总'!$Q:$Q) -> 0 | ... AH8: =SUMIF('计算过程-数据汇总'!$A:$A,'维护-日期'!AF2,'计算过程-数据汇总'!$Q:$Q) -> 0
B9: 省间现货电费 | C9: =SUM(D9:AH9) -> 0 | D9: =SUMIF('计算过程-数据汇总'!$A:$A,'维护-日期'!B2,'计算过程-数据汇总'!$L:$L) -> 0 | E9: =SUMIF('计算过程-数据汇总'!$A:$A,'维护-日期'!C2,'计算过程-数据汇总'!$L:$L) -> 0 | F9: =SUMIF('计算过程-数据汇总'!$A:$A,'维护-日期'!D2,'计算过程-数据汇总'!$L:$L) -> 0 | G9: =SUMIF('计算过程-数据汇总'!$A:$A,'维护-日期'!E2,'计算过程-数据汇总'!$L:$L) -> 0 | H9: =SUMIF('计算过程-数据汇总'!$A:$A,'维护-日期'!F2,'计算过程-数据汇总'!$L:$L) -> 0 | I9: =SUMIF('计算过程-数据汇总'!$A:$A,'维护-日期'!G2,'计算过程-数据汇总'!$L:$L) -> 0 | J9: =SUMIF('计算过程-数据汇总'!$A:$A,'维护-日期'!H2,'计算过程-数据汇总'!$L:$L) -> 0 | K9: =SUMIF('计算过程-数据汇总'!$A:$A,'维护-日期'!I2,'计算过程-数据汇总'!$L:$L) -> 0 | ... AH9: =SUMIF('计算过程-数据汇总'!$A:$A,'维护-日期'!AF2,'计算过程-数据汇总'!$L:$L) -> 0
B10: 中长期偏差考核（月考核）
B11: 退补清算
B12: 其他
B13: 零售成本电价（元/MWh） | C13: 372
B14: 预估零售成本电费（元） | C14: =C13*C3 -> 5223119.6
B15: 零售成本电费（元） | C15: =C13*C2 -> 5223119.6
B17: 交易电费（元） | C17: =SUM(D17:AH17) -> 5223119.6 | D17: =D18+D19+D22 -> 170523.31 | E17: =E18+E19+E22 -> 170523.31 | F17: =F18+F19+F22 -> 170523.31 | G17: =G18+G19+G22 -> 170523.31 | H17: =H18+H19+H22 -> 162635.42 | I17: =I18+I19+I22 -> 162635.42 | J17: =J18+J19+J22 -> 170523.31 | K17: =K18+K19+K22 -> 170523.31 | ... AH17: =AH18+AH19+AH22 -> 170523.31
B18: 若全量进日前的电费 | C18: =SUM(D18:AH18) -> 5223119.6 | D18: =SUMIF('计算过程-数据汇总'!$A:$A,'维护-日期'!B2,'计算过程-数据汇总'!$M:$M) -> 170523.31 | E18: =SUMIF('计算过程-数据汇总'!$A:$A,'维护-日期'!C2,'计算过程-数据汇总'!$M:$M) -> 170523.31 | F18: =SUMIF('计算过程-数据汇总'!$A:$A,'维护-日期'!D2,'计算过程-数据汇总'!$M:$M) -> 170523.31 | G18: =SUMIF('计算过程-数据汇总'!$A:$A,'维护-日期'!E2,'计算过程-数据汇总'!$M:$M) -> 170523.31 | H18: =SUMIF('计算过程-数据汇总'!$A:$A,'维护-日期'!F2,'计算过程-数据汇总'!$M:$M) -> 162635.42 | I18: =SUMIF('计算过程-数据汇总'!$A:$A,'维护-日期'!G2,'计算过程-数据汇总'!$M:$M) -> 162635.42 | J18: =SUMIF('计算过程-数据汇总'!$A:$A,'维护-日期'!H2,'计算过程-数据汇总'!$M:$M) -> 170523.31 | K18: =SUMIF('计算过程-数据汇总'!$A:$A,'维护-日期'!I2,'计算过程-数据汇总'!$M:$M) -> 170523.31 | ... AH18: =SUMIF('计算过程-数据汇总'!$A:$A,'维护-日期'!AF2,'计算过程-数据汇总'!$M:$M) -> 170523.31
B19: 日前策略导致电费变动 | C19: =SUM(D19:AH19) -> 0 | D19: =D20+D21 -> 0 | E19: =E20+E21 -> 0 | F19: =F20+F21 -> 0 | G19: =G20+G21 -> 0 | H19: =H20+H21 -> 0 | I19: =I20+I21 -> 0 | J19: =J20+J21 -> 0 | K19: =K20+K21 -> 0 | ... AH19: =AH20+AH21 -> 0
B20: 预测偏差产生电费 | C20: =SUM(D20:AH20) -> 0 | D20: =SUMIF('计算过程-数据汇总'!$A:$A,'维护-日期'!B2,'计算过程-数据汇总'!$N:$N) -> 0 | E20: =SUMIF('计算过程-数据汇总'!$A:$A,'维护-日期'!C2,'计算过程-数据汇总'!$N:$N) -> 0 | F20: =SUMIF('计算过程-数据汇总'!$A:$A,'维护-日期'!D2,'计算过程-数据汇总'!$N:$N) -> 0 | G20: =SUMIF('计算过程-数据汇总'!$A:$A,'维护-日期'!E2,'计算过程-数据汇总'!$N:$N) -> 0 | H20: =SUMIF('计算过程-数据汇总'!$A:$A,'维护-日期'!F2,'计算过程-数据汇总'!$N:$N) -> 0 | I20: =SUMIF('计算过程-数据汇总'!$A:$A,'维护-日期'!G2,'计算过程-数据汇总'!$N:$N) -> 0 | J20: =SUMIF('计算过程-数据汇总'!$A:$A,'维护-日期'!H2,'计算过程-数据汇总'!$N:$N) -> 0 | K20: =SUMIF('计算过程-数据汇总'!$A:$A,'维护-日期'!I2,'计算过程-数据汇总'!$N:$N) -> 0 | ... AH20: =SUMIF('计算过程-数据汇总'!$A:$A,'维护-日期'!AF2,'计算过程-数据汇总'!$N:$N) -> 0
B21: 申报策略影响电费 | C21: =SUM(D21:AH21) -> 0 | D21: =SUMIF('计算过程-数据汇总'!$A:$A,'维护-日期'!B2,'计算过程-数据汇总'!$O:$O) -> 0 | E21: =SUMIF('计算过程-数据汇总'!$A:$A,'维护-日期'!C2,'计算过程-数据汇总'!$O:$O) -> 0 | F21: =SUMIF('计算过程-数据汇总'!$A:$A,'维护-日期'!D2,'计算过程-数据汇总'!$O:$O) -> 0 | G21: =SUMIF('计算过程-数据汇总'!$A:$A,'维护-日期'!E2,'计算过程-数据汇总'!$O:$O) -> 0 | H21: =SUMIF('计算过程-数据汇总'!$A:$A,'维护-日期'!F2,'计算过程-数据汇总'!$O:$O) -> 0 | I21: =SUMIF('计算过程-数据汇总'!$A:$A,'维护-日期'!G2,'计算过程-数据汇总'!$O:$O) -> 0 | J21: =SUMIF('计算过程-数据汇总'!$A:$A,'维护-日期'!H2,'计算过程-数据汇总'!$O:$O) -> 0 | K21: =SUMIF('计算过程-数据汇总'!$A:$A,'维护-日期'!I2,'计算过程-数据汇总'!$O:$O) -> 0 | ... AH21: =SUMIF('计算过程-数据汇总'!$A:$A,'维护-日期'!AF2,'计算过程-数据汇总'!$O:$O) -> 0
B22: 中长期策略导致电费变动 | C22: =SUM(D22:AH22) -> 0 | D22: =SUM(D23:D37) -> 0 | E22: =SUM(E23:E37) -> 0 | F22: =SUM(F23:F37) -> 0 | G22: =SUM(G23:G37) -> 0 | H22: =SUM(H23:H37) -> 0 | I22: =SUM(I23:I37) -> 0 | J22: =SUM(J23:J37) -> 0 | K22: =SUM(K23:K37) -> 0 | ... AH22: =SUM(AH23:AH37) -> 0
B23: ='计算过程-数据汇总'!AA1 -> 年度双边策略电费变动（元） | C23: =SUM(D23:AH23) -> 0 | D23: =SUMIF('计算过程-数据汇总'!$A:$A,'维护-日期'!B2,'计算过程-数据汇总'!$AA:$AA) -> 0 | E23: =SUMIF('计算过程-数据汇总'!$A:$A,'维护-日期'!C2,'计算过程-数据汇总'!$AA:$AA) -> 0 | F23: =SUMIF('计算过程-数据汇总'!$A:$A,'维护-日期'!D2,'计算过程-数据汇总'!$AA:$AA) -> 0 | G23: =SUMIF('计算过程-数据汇总'!$A:$A,'维护-日期'!E2,'计算过程-数据汇总'!$AA:$AA) -> 0 | H23: =SUMIF('计算过程-数据汇总'!$A:$A,'维护-日期'!F2,'计算过程-数据汇总'!$AA:$AA) -> 0 | I23: =SUMIF('计算过程-数据汇总'!$A:$A,'维护-日期'!G2,'计算过程-数据汇总'!$AA:$AA) -> 0 | J23: =SUMIF('计算过程-数据汇总'!$A:$A,'维护-日期'!H2,'计算过程-数据汇总'!$AA:$AA) -> 0 | K23: =SUMIF('计算过程-数据汇总'!$A:$A,'维护-日期'!I2,'计算过程-数据汇总'!$AA:$AA) -> 0 | ... AH23: =SUMIF('计算过程-数据汇总'!$A:$A,'维护-日期'!AF2,'计算过程-数据汇总'!$AA:$AA) -> 0
B24: ='计算过程-数据汇总'!AD1 -> 年度挂牌策略电费变动（元） | C24: =SUM(D24:AH24) -> 0 | D24: =SUMIF('计算过程-数据汇总'!$A:$A,'维护-日期'!B2,'计算过程-数据汇总'!$AD:$AD) -> 0 | E24: =SUMIF('计算过程-数据汇总'!$A:$A,'维护-日期'!C2,'计算过程-数据汇总'!$AD:$AD) -> 0 | F24: =SUMIF('计算过程-数据汇总'!$A:$A,'维护-日期'!D2,'计算过程-数据汇总'!$AD:$AD) -> 0 | G24: =SUMIF('计算过程-数据汇总'!$A:$A,'维护-日期'!E2,'计算过程-数据汇总'!$AD:$AD) -> 0 | H24: =SUMIF('计算过程-数据汇总'!$A:$A,'维护-日期'!F2,'计算过程-数据汇总'!$AD:$AD) -> 0 | I24: =SUMIF('计算过程-数据汇总'!$A:$A,'维护-日期'!G2,'计算过程-数据汇总'!$AD:$AD) -> 0 | J24: =SUMIF('计算过程-数据汇总'!$A:$A,'维护-日期'!H2,'计算过程-数据汇总'!$AD:$AD) -> 0 | K24: =SUMIF('计算过程-数据汇总'!$A:$A,'维护-日期'!I2,'计算过程-数据汇总'!$AD:$AD) -> 0 | ... AH24: =SUMIF('计算过程-数据汇总'!$A:$A,'维护-日期'!AF2,'计算过程-数据汇总'!$AD:$AD) -> 0
B25: ='计算过程-数据汇总'!AG1 -> 年度集中竞争策略电费变动（元） | C25: =SUM(D25:AH25) -> 0 | D25: =SUMIF('计算过程-数据汇总'!$A:$A,'维护-日期'!B2,'计算过程-数据汇总'!$AG:$AG) -> 0 | E25: =SUMIF('计算过程-数据汇总'!$A:$A,'维护-日期'!C2,'计算过程-数据汇总'!$AG:$AG) -> 0 | F25: =SUMIF('计算过程-数据汇总'!$A:$A,'维护-日期'!D2,'计算过程-数据汇总'!$AG:$AG) -> 0 | G25: =SUMIF('计算过程-数据汇总'!$A:$A,'维护-日期'!E2,'计算过程-数据汇总'!$AG:$AG) -> 0 | H25: =SUMIF('计算过程-数据汇总'!$A:$A,'维护-日期'!F2,'计算过程-数据汇总'!$AG:$AG) -> 0 | I25: =SUMIF('计算过程-数据汇总'!$A:$A,'维护-日期'!G2,'计算过程-数据汇总'!$AG:$AG) -> 0 | J25: =SUMIF('计算过程-数据汇总'!$A:$A,'维护-日期'!H2,'计算过程-数据汇总'!$AG:$AG) -> 0 | K25: =SUMIF('计算过程-数据汇总'!$A:$A,'维护-日期'!I2,'计算过程-数据汇总'!$AG:$AG) -> 0 | ... AH25: =SUMIF('计算过程-数据汇总'!$A:$A,'维护-日期'!AF2,'计算过程-数据汇总'!$AG:$AG) -> 0
B26: ='计算过程-数据汇总'!AJ1 -> 年度绿电双边策略电费变动（元） | C26: =SUM(D26:AH26) -> 0 | D26: =SUMIF('计算过程-数据汇总'!$A:$A,'维护-日期'!B2,'计算过程-数据汇总'!$AJ:$AJ) -> 0 | E26: =SUMIF('计算过程-数据汇总'!$A:$A,'维护-日期'!C2,'计算过程-数据汇总'!$AJ:$AJ) -> 0 | F26: =SUMIF('计算过程-数据汇总'!$A:$A,'维护-日期'!D2,'计算过程-数据汇总'!$AJ:$AJ) -> 0 | G26: =SUMIF('计算过程-数据汇总'!$A:$A,'维护-日期'!E2,'计算过程-数据汇总'!$AJ:$AJ) -> 0 | H26: =SUMIF('计算过程-数据汇总'!$A:$A,'维护-日期'!F2,'计算过程-数据汇总'!$AJ:$AJ) -> 0 | I26: =SUMIF('计算过程-数据汇总'!$A:$A,'维护-日期'!G2,'计算过程-数据汇总'!$AJ:$AJ) -> 0 | J26: =SUMIF('计算过程-数据汇总'!$A:$A,'维护-日期'!H2,'计算过程-数据汇总'!$AJ:$AJ) -> 0 | K26: =SUMIF('计算过程-数据汇总'!$A:$A,'维护-日期'!I2,'计算过程-数据汇总'!$AJ:$AJ) -> 0 | ... AH26: =SUMIF('计算过程-数据汇总'!$A:$A,'维护-日期'!AF2,'计算过程-数据汇总'!$AJ:$AJ) -> 0
B27: ='计算过程-数据汇总'!AM1 -> 多月连续集中策略电费变动（元） | C27: =SUM(D27:AH27) -> 0 | D27: =SUMIF('计算过程-数据汇总'!$A:$A,'维护-日期'!B2,'计算过程-数据汇总'!$AM:$AM) -> 0 | E27: =SUMIF('计算过程-数据汇总'!$A:$A,'维护-日期'!C2,'计算过程-数据汇总'!$AM:$AM) -> 0 | F27: =SUMIF('计算过程-数据汇总'!$A:$A,'维护-日期'!D2,'计算过程-数据汇总'!$AM:$AM) -> 0 | G27: =SUMIF('计算过程-数据汇总'!$A:$A,'维护-日期'!E2,'计算过程-数据汇总'!$AM:$AM) -> 0 | H27: =SUMIF('计算过程-数据汇总'!$A:$A,'维护-日期'!F2,'计算过程-数据汇总'!$AM:$AM) -> 0 | I27: =SUMIF('计算过程-数据汇总'!$A:$A,'维护-日期'!G2,'计算过程-数据汇总'!$AM:$AM) -> 0 | J27: =SUMIF('计算过程-数据汇总'!$A:$A,'维护-日期'!H2,'计算过程-数据汇总'!$AM:$AM) -> 0 | K27: =SUMIF('计算过程-数据汇总'!$A:$A,'维护-日期'!I2,'计算过程-数据汇总'!$AM:$AM) -> 0 | ... AH27: =SUMIF('计算过程-数据汇总'!$A:$A,'维护-日期'!AF2,'计算过程-数据汇总'!$AM:$AM) -> 0
B28: ='计算过程-数据汇总'!AP1 -> 月度跨省外送策略电费变动（元） | C28: =SUM(D28:AH28) -> 0 | D28: =SUMIF('计算过程-数据汇总'!$A:$A,'维护-日期'!B2,'计算过程-数据汇总'!$AP:$AP) -> 0 | E28: =SUMIF('计算过程-数据汇总'!$A:$A,'维护-日期'!C2,'计算过程-数据汇总'!$AP:$AP) -> 0 | F28: =SUMIF('计算过程-数据汇总'!$A:$A,'维护-日期'!D2,'计算过程-数据汇总'!$AP:$AP) -> 0 | G28: =SUMIF('计算过程-数据汇总'!$A:$A,'维护-日期'!E2,'计算过程-数据汇总'!$AP:$AP) -> 0 | H28: =SUMIF('计算过程-数据汇总'!$A:$A,'维护-日期'!F2,'计算过程-数据汇总'!$AP:$AP) -> 0 | I28: =SUMIF('计算过程-数据汇总'!$A:$A,'维护-日期'!G2,'计算过程-数据汇总'!$AP:$AP) -> 0 | J28: =SUMIF('计算过程-数据汇总'!$A:$A,'维护-日期'!H2,'计算过程-数据汇总'!$AP:$AP) -> 0 | K28: =SUMIF('计算过程-数据汇总'!$A:$A,'维护-日期'!I2,'计算过程-数据汇总'!$AP:$AP) -> 0 | ... AH28: =SUMIF('计算过程-数据汇总'!$A:$A,'维护-日期'!AF2,'计算过程-数据汇总'!$AP:$AP) -> 0
B29: ='计算过程-数据汇总'!AS1 -> 月度双边策略电费变动（元） | C29: =SUM(D29:AH29) -> 0 | D29: =SUMIF('计算过程-数据汇总'!$A:$A,'维护-日期'!B2,'计算过程-数据汇总'!$AS:$AS) -> 0 | E29: =SUMIF('计算过程-数据汇总'!$A:$A,'维护-日期'!C2,'计算过程-数据汇总'!$AS:$AS) -> 0 | F29: =SUMIF('计算过程-数据汇总'!$A:$A,'维护-日期'!D2,'计算过程-数据汇总'!$AS:$AS) -> 0 | G29: =SUMIF('计算过程-数据汇总'!$A:$A,'维护-日期'!E2,'计算过程-数据汇总'!$AS:$AS) -> 0 | H29: =SUMIF('计算过程-数据汇总'!$A:$A,'维护-日期'!F2,'计算过程-数据汇总'!$AS:$AS) -> 0 | I29: =SUMIF('计算过程-数据汇总'!$A:$A,'维护-日期'!G2,'计算过程-数据汇总'!$AS:$AS) -> 0 | J29: =SUMIF('计算过程-数据汇总'!$A:$A,'维护-日期'!H2,'计算过程-数据汇总'!$AS:$AS) -> 0 | K29: =SUMIF('计算过程-数据汇总'!$A:$A,'维护-日期'!I2,'计算过程-数据汇总'!$AS:$AS) -> 0 | ... AH29: =SUMIF('计算过程-数据汇总'!$A:$A,'维护-日期'!AF2,'计算过程-数据汇总'!$AS:$AS) -> 0
B30: ='计算过程-数据汇总'!AV1 -> 月度绿电挂牌策略电费变动（元） | C30: =SUM(D30:AH30) -> 0 | D30: =SUMIF('计算过程-数据汇总'!$A:$A,'维护-日期'!B2,'计算过程-数据汇总'!$AV:$AV) -> 0 | E30: =SUMIF('计算过程-数据汇总'!$A:$A,'维护-日期'!C2,'计算过程-数据汇总'!$AV:$AV) -> 0 | F30: =SUMIF('计算过程-数据汇总'!$A:$A,'维护-日期'!D2,'计算过程-数据汇总'!$AV:$AV) -> 0 | G30: =SUMIF('计算过程-数据汇总'!$A:$A,'维护-日期'!E2,'计算过程-数据汇总'!$AV:$AV) -> 0 | H30: =SUMIF('计算过程-数据汇总'!$A:$A,'维护-日期'!F2,'计算过程-数据汇总'!$AV:$AV) -> 0 | I30: =SUMIF('计算过程-数据汇总'!$A:$A,'维护-日期'!G2,'计算过程-数据汇总'!$AV:$AV) -> 0 | J30: =SUMIF('计算过程-数据汇总'!$A:$A,'维护-日期'!H2,'计算过程-数据汇总'!$AV:$AV) -> 0 | K30: =SUMIF('计算过程-数据汇总'!$A:$A,'维护-日期'!I2,'计算过程-数据汇总'!$AV:$AV) -> 0 | ... AH30: =SUMIF('计算过程-数据汇总'!$A:$A,'维护-日期'!AF2,'计算过程-数据汇总'!$AV:$AV) -> 0
B31: ='计算过程-数据汇总'!AY1 -> 月度绿电集中策略电费变动（元） | C31: =SUM(D31:AH31) -> 0 | D31: =SUMIF('计算过程-数据汇总'!$A:$A,'维护-日期'!B2,'计算过程-数据汇总'!$AY:$AY) -> 0 | E31: =SUMIF('计算过程-数据汇总'!$A:$A,'维护-日期'!C2,'计算过程-数据汇总'!$AY:$AY) -> 0 | F31: =SUMIF('计算过程-数据汇总'!$A:$A,'维护-日期'!D2,'计算过程-数据汇总'!$AY:$AY) -> 0 | G31: =SUMIF('计算过程-数据汇总'!$A:$A,'维护-日期'!E2,'计算过程-数据汇总'!$AY:$AY) -> 0 | H31: =SUMIF('计算过程-数据汇总'!$A:$A,'维护-日期'!F2,'计算过程-数据汇总'!$AY:$AY) -> 0 | I31: =SUMIF('计算过程-数据汇总'!$A:$A,'维护-日期'!G2,'计算过程-数据汇总'!$AY:$AY) -> 0 | J31: =SUMIF('计算过程-数据汇总'!$A:$A,'维护-日期'!H2,'计算过程-数据汇总'!$AY:$AY) -> 0 | K31: =SUMIF('计算过程-数据汇总'!$A:$A,'维护-日期'!I2,'计算过程-数据汇总'!$AY:$AY) -> 0 | ... AH31: =SUMIF('计算过程-数据汇总'!$A:$A,'维护-日期'!AF2,'计算过程-数据汇总'!$AY:$AY) -> 0
B32: ='计算过程-数据汇总'!BB1 -> 月度集中（市场用户负荷曲线）策略电费变动（元） | C32: =SUM(D32:AH32) -> 0 | D32: =SUMIF('计算过程-数据汇总'!$A:$A,'维护-日期'!B2,'计算过程-数据汇总'!$BB:$BB) -> 0 | E32: =SUMIF('计算过程-数据汇总'!$A:$A,'维护-日期'!C2,'计算过程-数据汇总'!$BB:$BB) -> 0 | F32: =SUMIF('计算过程-数据汇总'!$A:$A,'维护-日期'!D2,'计算过程-数据汇总'!$BB:$BB) -> 0 | G32: =SUMIF('计算过程-数据汇总'!$A:$A,'维护-日期'!E2,'计算过程-数据汇总'!$BB:$BB) -> 0 | H32: =SUMIF('计算过程-数据汇总'!$A:$A,'维护-日期'!F2,'计算过程-数据汇总'!$BB:$BB) -> 0 | I32: =SUMIF('计算过程-数据汇总'!$A:$A,'维护-日期'!G2,'计算过程-数据汇总'!$BB:$BB) -> 0 | J32: =SUMIF('计算过程-数据汇总'!$A:$A,'维护-日期'!H2,'计算过程-数据汇总'!$BB:$BB) -> 0 | K32: =SUMIF('计算过程-数据汇总'!$A:$A,'维护-日期'!I2,'计算过程-数据汇总'!$BB:$BB) -> 0 | ... AH32: =SUMIF('计算过程-数据汇总'!$A:$A,'维护-日期'!AF2,'计算过程-数据汇总'!$BB:$BB) -> 0
B33: ='计算过程-数据汇总'!BE1 -> 月度分时集中策略电费变动（元） | C33: =SUM(D33:AH33) -> 0 | D33: =SUMIF('计算过程-数据汇总'!$A:$A,'维护-日期'!B2,'计算过程-数据汇总'!$BE:$BE) -> 0 | E33: =SUMIF('计算过程-数据汇总'!$A:$A,'维护-日期'!C2,'计算过程-数据汇总'!$BE:$BE) -> 0 | F33: =SUMIF('计算过程-数据汇总'!$A:$A,'维护-日期'!D2,'计算过程-数据汇总'!$BE:$BE) -> 0 | G33: =SUMIF('计算过程-数据汇总'!$A:$A,'维护-日期'!E2,'计算过程-数据汇总'!$BE:$BE) -> 0 | H33: =SUMIF('计算过程-数据汇总'!$A:$A,'维护-日期'!F2,'计算过程-数据汇总'!$BE:$BE) -> 0 | I33: =SUMIF('计算过程-数据汇总'!$A:$A,'维护-日期'!G2,'计算过程-数据汇总'!$BE:$BE) -> 0 | J33: =SUMIF('计算过程-数据汇总'!$A:$A,'维护-日期'!H2,'计算过程-数据汇总'!$BE:$BE) -> 0 | K33: =SUMIF('计算过程-数据汇总'!$A:$A,'维护-日期'!I2,'计算过程-数据汇总'!$BE:$BE) -> 0 | ... AH33: =SUMIF('计算过程-数据汇总'!$A:$A,'维护-日期'!AF2,'计算过程-数据汇总'!$BE:$BE) -> 0
B34: ='计算过程-数据汇总'!BH1 -> 月内第一次多日策略电费变动（元） | C34: =SUM(D34:AH34) -> 0 | D34: =SUMIF('计算过程-数据汇总'!$A:$A,'维护-日期'!B2,'计算过程-数据汇总'!$BH:$BH) -> 0 | E34: =SUMIF('计算过程-数据汇总'!$A:$A,'维护-日期'!C2,'计算过程-数据汇总'!$BH:$BH) -> 0 | F34: =SUMIF('计算过程-数据汇总'!$A:$A,'维护-日期'!D2,'计算过程-数据汇总'!$BH:$BH) -> 0 | G34: =SUMIF('计算过程-数据汇总'!$A:$A,'维护-日期'!E2,'计算过程-数据汇总'!$BH:$BH) -> 0 | H34: =SUMIF('计算过程-数据汇总'!$A:$A,'维护-日期'!F2,'计算过程-数据汇总'!$BH:$BH) -> 0 | I34: =SUMIF('计算过程-数据汇总'!$A:$A,'维护-日期'!G2,'计算过程-数据汇总'!$BH:$BH) -> 0 | J34: =SUMIF('计算过程-数据汇总'!$A:$A,'维护-日期'!H2,'计算过程-数据汇总'!$BH:$BH) -> 0 | K34: =SUMIF('计算过程-数据汇总'!$A:$A,'维护-日期'!I2,'计算过程-数据汇总'!$BH:$BH) -> 0 | ... AH34: =SUMIF('计算过程-数据汇总'!$A:$A,'维护-日期'!AF2,'计算过程-数据汇总'!$BH:$BH) -> 0
B35: ='计算过程-数据汇总'!BK1 -> 月内第二次多日策略电费变动（元） | C35: =SUM(D35:AH35) -> 0 | D35: =SUMIF('计算过程-数据汇总'!$A:$A,'维护-日期'!B2,'计算过程-数据汇总'!$BK:$BK) -> 0 | E35: =SUMIF('计算过程-数据汇总'!$A:$A,'维护-日期'!C2,'计算过程-数据汇总'!$BK:$BK) -> 0 | F35: =SUMIF('计算过程-数据汇总'!$A:$A,'维护-日期'!D2,'计算过程-数据汇总'!$BK:$BK) -> 0 | G35: =SUMIF('计算过程-数据汇总'!$A:$A,'维护-日期'!E2,'计算过程-数据汇总'!$BK:$BK) -> 0 | H35: =SUMIF('计算过程-数据汇总'!$A:$A,'维护-日期'!F2,'计算过程-数据汇总'!$BK:$BK) -> 0 | I35: =SUMIF('计算过程-数据汇总'!$A:$A,'维护-日期'!G2,'计算过程-数据汇总'!$BK:$BK) -> 0 | J35: =SUMIF('计算过程-数据汇总'!$A:$A,'维护-日期'!H2,'计算过程-数据汇总'!$BK:$BK) -> 0 | K35: =SUMIF('计算过程-数据汇总'!$A:$A,'维护-日期'!I2,'计算过程-数据汇总'!$BK:$BK) -> 0 | ... AH35: =SUMIF('计算过程-数据汇总'!$A:$A,'维护-日期'!AF2,'计算过程-数据汇总'!$BK:$BK) -> 0
B36: ='计算过程-数据汇总'!BN1 -> 月内合同转让策略电费变动（元） | C36: =SUM(D36:AH36) -> 0 | D36: =SUMIF('计算过程-数据汇总'!$A:$A,'维护-日期'!B2,'计算过程-数据汇总'!$BN:$BN) -> 0 | E36: =SUMIF('计算过程-数据汇总'!$A:$A,'维护-日期'!C2,'计算过程-数据汇总'!$BN:$BN) -> 0 | F36: =SUMIF('计算过程-数据汇总'!$A:$A,'维护-日期'!D2,'计算过程-数据汇总'!$BN:$BN) -> 0 | G36: =SUMIF('计算过程-数据汇总'!$A:$A,'维护-日期'!E2,'计算过程-数据汇总'!$BN:$BN) -> 0 | H36: =SUMIF('计算过程-数据汇总'!$A:$A,'维护-日期'!F2,'计算过程-数据汇总'!$BN:$BN) -> 0 | I36: =SUMIF('计算过程-数据汇总'!$A:$A,'维护-日期'!G2,'计算过程-数据汇总'!$BN:$BN) -> 0 | J36: =SUMIF('计算过程-数据汇总'!$A:$A,'维护-日期'!H2,'计算过程-数据汇总'!$BN:$BN) -> 0 | K36: =SUMIF('计算过程-数据汇总'!$A:$A,'维护-日期'!I2,'计算过程-数据汇总'!$BN:$BN) -> 0 | ... AH36: =SUMIF('计算过程-数据汇总'!$A:$A,'维护-日期'!AF2,'计算过程-数据汇总'!$BN:$BN) -> 0
B37: ='计算过程-数据汇总'!BQ1 -> 月内周双边策略电费变动（元） | C37: =SUM(D37:AH37) -> 0 | D37: =SUMIF('计算过程-数据汇总'!$A:$A,'维护-日期'!B2,'计算过程-数据汇总'!$BQ:$BQ) -> 0 | E37: =SUMIF('计算过程-数据汇总'!$A:$A,'维护-日期'!C2,'计算过程-数据汇总'!$BQ:$BQ) -> 0 | F37: =SUMIF('计算过程-数据汇总'!$A:$A,'维护-日期'!D2,'计算过程-数据汇总'!$BQ:$BQ) -> 0 | G37: =SUMIF('计算过程-数据汇总'!$A:$A,'维护-日期'!E2,'计算过程-数据汇总'!$BQ:$BQ) -> 0 | H37: =SUMIF('计算过程-数据汇总'!$A:$A,'维护-日期'!F2,'计算过程-数据汇总'!$BQ:$BQ) -> 0 | I37: =SUMIF('计算过程-数据汇总'!$A:$A,'维护-日期'!G2,'计算过程-数据汇总'!$BQ:$BQ) -> 0 | J37: =SUMIF('计算过程-数据汇总'!$A:$A,'维护-日期'!H2,'计算过程-数据汇总'!$BQ:$BQ) -> 0 | K37: =SUMIF('计算过程-数据汇总'!$A:$A,'维护-日期'!I2,'计算过程-数据汇总'!$BQ:$BQ) -> 0 | ... AH37: =SUMIF('计算过程-数据汇总'!$A:$A,'维护-日期'!AF2,'计算过程-数据汇总'!$BQ:$BQ) -> 0
B38: 若全量进中长期的电费 | C38: =SUM(D38:AH38) -> 5223119.6 | D38: =SUMIF('计算过程-数据汇总'!$A:$A,'维护-日期'!B2,'计算过程-数据汇总'!$R:$R) -> 170523.31 | E38: =SUMIF('计算过程-数据汇总'!$A:$A,'维护-日期'!C2,'计算过程-数据汇总'!$R:$R) -> 170523.31 | F38: =SUMIF('计算过程-数据汇总'!$A:$A,'维护-日期'!D2,'计算过程-数据汇总'!$R:$R) -> 170523.31 | G38: =SUMIF('计算过程-数据汇总'!$A:$A,'维护-日期'!E2,'计算过程-数据汇总'!$R:$R) -> 170523.31 | H38: =SUMIF('计算过程-数据汇总'!$A:$A,'维护-日期'!F2,'计算过程-数据汇总'!$R:$R) -> 162635.42 | I38: =SUMIF('计算过程-数据汇总'!$A:$A,'维护-日期'!G2,'计算过程-数据汇总'!$R:$R) -> 162635.42 | J38: =SUMIF('计算过程-数据汇总'!$A:$A,'维护-日期'!H2,'计算过程-数据汇总'!$R:$R) -> 170523.31 | K38: =SUMIF('计算过程-数据汇总'!$A:$A,'维护-日期'!I2,'计算过程-数据汇总'!$R:$R) -> 170523.31 | ... AH38: =SUMIF('计算过程-数据汇总'!$A:$A,'维护-日期'!AF2,'计算过程-数据汇总'!$R:$R) -> 170523.31
B39: 日前策略导致电费损益 | C39: =SUM(D39:AH39) -> 0 | D39: =D40+D41 -> 0 | E39: =E40+E41 -> 0 | F39: =F40+F41 -> 0 | G39: =G40+G41 -> 0 | H39: =H40+H41 -> 0 | I39: =I40+I41 -> 0 | J39: =J40+J41 -> 0 | K39: =K40+K41 -> 0 | ... AH39: =AH40+AH41 -> 0
B40: 预测偏差产生电费 | C40: =SUM(D40:AH40) -> 0 | D40: =SUMIF('计算过程-数据汇总'!$A:$A,'维护-日期'!B2,'计算过程-数据汇总'!$U:$U) -> 0 | E40: =SUMIF('计算过程-数据汇总'!$A:$A,'维护-日期'!C2,'计算过程-数据汇总'!$U:$U) -> 0 | F40: =SUMIF('计算过程-数据汇总'!$A:$A,'维护-日期'!D2,'计算过程-数据汇总'!$U:$U) -> 0 | G40: =SUMIF('计算过程-数据汇总'!$A:$A,'维护-日期'!E2,'计算过程-数据汇总'!$U:$U) -> 0 | H40: =SUMIF('计算过程-数据汇总'!$A:$A,'维护-日期'!F2,'计算过程-数据汇总'!$U:$U) -> 0 | I40: =SUMIF('计算过程-数据汇总'!$A:$A,'维护-日期'!G2,'计算过程-数据汇总'!$U:$U) -> 0 | J40: =SUMIF('计算过程-数据汇总'!$A:$A,'维护-日期'!H2,'计算过程-数据汇总'!$U:$U) -> 0 | K40: =SUMIF('计算过程-数据汇总'!$A:$A,'维护-日期'!I2,'计算过程-数据汇总'!$U:$U) -> 0 | ... AH40: =SUMIF('计算过程-数据汇总'!$A:$A,'维护-日期'!AF2,'计算过程-数据汇总'!$U:$U) -> 0
B41: 申报策略影响电费 | C41: =SUM(D41:AH41) -> 0 | D41: =SUMIF('计算过程-数据汇总'!$A:$A,'维护-日期'!B2,'计算过程-数据汇总'!$V:$V) -> 0 | E41: =SUMIF('计算过程-数据汇总'!$A:$A,'维护-日期'!C2,'计算过程-数据汇总'!$V:$V) -> 0 | F41: =SUMIF('计算过程-数据汇总'!$A:$A,'维护-日期'!D2,'计算过程-数据汇总'!$V:$V) -> 0 | G41: =SUMIF('计算过程-数据汇总'!$A:$A,'维护-日期'!E2,'计算过程-数据汇总'!$V:$V) -> 0 | H41: =SUMIF('计算过程-数据汇总'!$A:$A,'维护-日期'!F2,'计算过程-数据汇总'!$V:$V) -> 0 | I41: =SUMIF('计算过程-数据汇总'!$A:$A,'维护-日期'!G2,'计算过程-数据汇总'!$V:$V) -> 0 | J41: =SUMIF('计算过程-数据汇总'!$A:$A,'维护-日期'!H2,'计算过程-数据汇总'!$V:$V) -> 0 | K41: =SUMIF('计算过程-数据汇总'!$A:$A,'维护-日期'!I2,'计算过程-数据汇总'!$V:$V) -> 0 | ... AH41: =SUMIF('计算过程-数据汇总'!$A:$A,'维护-日期'!AF2,'计算过程-数据汇总'!$V:$V) -> 0
B42: 中长期策略导致电费损益 | C42: =SUM(D42:AH42) -> -9.0853973e-12 | D42: =D43+D44 -> 0 | E42: =E43+E44 -> -1.7979573e-13 | F42: =F43+F44 -> -1.7979573e-13 | G42: =G43+G44 -> -1.7979573e-13 | H42: =H43+H44 -> -6.5477934e-13 | I42: =I43+I44 -> -6.5477934e-13 | J42: =J43+J44 -> -1.7979573e-13 | K42: =K43+K44 -> -1.7979573e-13 | ... AH42: =AH43+AH44 -> -1.7979573e-13
B43: 预测偏差产生电费 | C43: =SUM(D43:AH43) -> 0 | D43: =SUMIF('计算过程-数据汇总'!$A:$A,'维护-日期'!B2,'计算过程-数据汇总'!$S:$S) -> 0 | E43: =SUMIF('计算过程-数据汇总'!$A:$A,'维护-日期'!C2,'计算过程-数据汇总'!$S:$S) -> 0 | F43: =SUMIF('计算过程-数据汇总'!$A:$A,'维护-日期'!D2,'计算过程-数据汇总'!$S:$S) -> 0 | G43: =SUMIF('计算过程-数据汇总'!$A:$A,'维护-日期'!E2,'计算过程-数据汇总'!$S:$S) -> 0 | H43: =SUMIF('计算过程-数据汇总'!$A:$A,'维护-日期'!F2,'计算过程-数据汇总'!$S:$S) -> 0 | I43: =SUMIF('计算过程-数据汇总'!$A:$A,'维护-日期'!G2,'计算过程-数据汇总'!$S:$S) -> 0 | J43: =SUMIF('计算过程-数据汇总'!$A:$A,'维护-日期'!H2,'计算过程-数据汇总'!$S:$S) -> 0 | K43: =SUMIF('计算过程-数据汇总'!$A:$A,'维护-日期'!I2,'计算过程-数据汇总'!$S:$S) -> 0 | ... AH43: =SUMIF('计算过程-数据汇总'!$A:$A,'维护-日期'!AF2,'计算过程-数据汇总'!$S:$S) -> 0
B44: 申报策略影响电费 | C44: =SUM(D44:AH44) -> -9.0853973e-12 | D44: =SUMIF('计算过程-数据汇总'!$A:$A,'维护-日期'!B2,'计算过程-数据汇总'!$T:$T) -> 0 | E44: =SUMIF('计算过程-数据汇总'!$A:$A,'维护-日期'!C2,'计算过程-数据汇总'!$T:$T) -> -1.7979573e-13 | F44: =SUMIF('计算过程-数据汇总'!$A:$A,'维护-日期'!D2,'计算过程-数据汇总'!$T:$T) -> -1.7979573e-13 | G44: =SUMIF('计算过程-数据汇总'!$A:$A,'维护-日期'!E2,'计算过程-数据汇总'!$T:$T) -> -1.7979573e-13 | H44: =SUMIF('计算过程-数据汇总'!$A:$A,'维护-日期'!F2,'计算过程-数据汇总'!$T:$T) -> -6.5477934e-13 | I44: =SUMIF('计算过程-数据汇总'!$A:$A,'维护-日期'!G2,'计算过程-数据汇总'!$T:$T) -> -6.5477934e-13 | J44: =SUMIF('计算过程-数据汇总'!$A:$A,'维护-日期'!H2,'计算过程-数据汇总'!$T:$T) -> -1.7979573e-13 | K44: =SUMIF('计算过程-数据汇总'!$A:$A,'维护-日期'!I2,'计算过程-数据汇总'!$T:$T) -> -1.7979573e-13 | ... AH44: =SUMIF('计算过程-数据汇总'!$A:$A,'维护-日期'!AF2,'计算过程-数据汇总'!$T:$T) -> -1.7979573e-13
D45: =D17=D38+D39+D42 -> TRUE | E45: =E17=E38+E39+E42 -> TRUE | F45: =F17=F38+F39+F42 -> TRUE | G45: =G17=G38+G39+G42 -> TRUE | H45: =H17=H38+H39+H42 -> TRUE | I45: =I17=I38+I39+I42 -> TRUE | J45: =J17=J38+J39+J42 -> TRUE | K45: =K17=K38+K39+K42 -> TRUE | ... AH45: =AH17=AH38+AH39+AH42 -> TRUE
B47: 日前策略影响电价 | C47: =C19/$C$2 -> 0 | D47: =D19/$C$2 -> 0 | E47: =E19/$C$2 -> 0 | F47: =F19/$C$2 -> 0 | G47: =G19/$C$2 -> 0 | H47: =H19/$C$2 -> 0 | I47: =I19/$C$2 -> 0 | J47: =J19/$C$2 -> 0 | ... AH47: =AH19/$C$2 -> 0
B48: 预测偏差影响电价 | C48: =C20/$C$2 -> 0 | D48: =D20/$C$2 -> 0 | E48: =E20/$C$2 -> 0 | F48: =F20/$C$2 -> 0 | G48: =G20/$C$2 -> 0 | H48: =H20/$C$2 -> 0 | I48: =I20/$C$2 -> 0 | J48: =J20/$C$2 -> 0 | ... AH48: =AH20/$C$2 -> 0
B49: 申报策略影响电价 | C49: =C21/$C$2 -> 0 | D49: =D21/$C$2 -> 0 | E49: =E21/$C$2 -> 0 | F49: =F21/$C$2 -> 0 | G49: =G21/$C$2 -> 0 | H49: =H21/$C$2 -> 0 | I49: =I21/$C$2 -> 0 | J49: =J21/$C$2 -> 0 | ... AH49: =AH21/$C$2 -> 0
B50: 中长期策略影响电价 | C50: =C22/$C$2 -> 0 | D50: =D22/$C$2 -> 0 | E50: =E22/$C$2 -> 0 | F50: =F22/$C$2 -> 0 | G50: =G22/$C$2 -> 0 | H50: =H22/$C$2 -> 0 | I50: =I22/$C$2 -> 0 | J50: =J22/$C$2 -> 0 | ... AH50: =AH22/$C$2 -> 0
B51: =LEFT(B23,FIND("电费",B23)-1)&"影响电价" -> 年度双边策略影响电价 | C51: =C23/$C$2 -> 0 | D51: =D23/$C$2 -> 0 | E51: =E23/$C$2 -> 0 | F51: =F23/$C$2 -> 0 | G51: =G23/$C$2 -> 0 | H51: =H23/$C$2 -> 0 | I51: =I23/$C$2 -> 0 | J51: =J23/$C$2 -> 0 | ... AH51: =AH23/$C$2 -> 0
B52: =LEFT(B24,FIND("电费",B24)-1)&"影响电价" -> 年度挂牌策略影响电价 | C52: =C24/$C$2 -> 0 | D52: =D24/$C$2 -> 0 | E52: =E24/$C$2 -> 0 | F52: =F24/$C$2 -> 0 | G52: =G24/$C$2 -> 0 | H52: =H24/$C$2 -> 0 | I52: =I24/$C$2 -> 0 | J52: =J24/$C$2 -> 0 | ... AH52: =AH24/$C$2 -> 0
B53: =LEFT(B25,FIND("电费",B25)-1)&"影响电价" -> 年度集中竞争策略影响电价 | C53: =C25/$C$2 -> 0 | D53: =D25/$C$2 -> 0 | E53: =E25/$C$2 -> 0 | F53: =F25/$C$2 -> 0 | G53: =G25/$C$2 -> 0 | H53: =H25/$C$2 -> 0 | I53: =I25/$C$2 -> 0 | J53: =J25/$C$2 -> 0 | ... AH53: =AH25/$C$2 -> 0
B54: =LEFT(B26,FIND("电费",B26)-1)&"影响电价" -> 年度绿电双边策略影响电价 | C54: =C26/$C$2 -> 0 | D54: =D26/$C$2 -> 0 | E54: =E26/$C$2 -> 0 | F54: =F26/$C$2 -> 0 | G54: =G26/$C$2 -> 0 | H54: =H26/$C$2 -> 0 | I54: =I26/$C$2 -> 0 | J54: =J26/$C$2 -> 0 | ... AH54: =AH26/$C$2 -> 0
B55: =LEFT(B27,FIND("电费",B27)-1)&"影响电价" -> 多月连续集中策略影响电价 | C55: =C27/$C$2 -> 0 | D55: =D27/$C$2 -> 0 | E55: =E27/$C$2 -> 0 | F55: =F27/$C$2 -> 0 | G55: =G27/$C$2 -> 0 | H55: =H27/$C$2 -> 0 | I55: =I27/$C$2 -> 0 | J55: =J27/$C$2 -> 0 | ... AH55: =AH27/$C$2 -> 0
B56: =LEFT(B28,FIND("电费",B28)-1)&"影响电价" -> 月度跨省外送策略影响电价 | C56: =C28/$C$2 -> 0 | D56: =D28/$C$2 -> 0 | E56: =E28/$C$2 -> 0 | F56: =F28/$C$2 -> 0 | G56: =G28/$C$2 -> 0 | H56: =H28/$C$2 -> 0 | I56: =I28/$C$2 -> 0 | J56: =J28/$C$2 -> 0 | ... AH56: =AH28/$C$2 -> 0
B57: =LEFT(B29,FIND("电费",B29)-1)&"影响电价" -> 月度双边策略影响电价 | C57: =C29/$C$2 -> 0 | D57: =D29/$C$2 -> 0 | E57: =E29/$C$2 -> 0 | F57: =F29/$C$2 -> 0 | G57: =G29/$C$2 -> 0 | H57: =H29/$C$2 -> 0 | I57: =I29/$C$2 -> 0 | J57: =J29/$C$2 -> 0 | ... AH57: =AH29/$C$2 -> 0
B58: =LEFT(B30,FIND("电费",B30)-1)&"影响电价" -> 月度绿电挂牌策略影响电价 | C58: =C30/$C$2 -> 0 | D58: =D30/$C$2 -> 0 | E58: =E30/$C$2 -> 0 | F58: =F30/$C$2 -> 0 | G58: =G30/$C$2 -> 0 | H58: =H30/$C$2 -> 0 | I58: =I30/$C$2 -> 0 | J58: =J30/$C$2 -> 0 | ... AH58: =AH30/$C$2 -> 0
B59: =LEFT(B31,FIND("电费",B31)-1)&"影响电价" -> 月度绿电集中策略影响电价 | C59: =C31/$C$2 -> 0 | D59: =D31/$C$2 -> 0 | E59: =E31/$C$2 -> 0 | F59: =F31/$C$2 -> 0 | G59: =G31/$C$2 -> 0 | H59: =H31/$C$2 -> 0 | I59: =I31/$C$2 -> 0 | J59: =J31/$C$2 -> 0 | ... AH59: =AH31/$C$2 -> 0
B60: =LEFT(B32,FIND("电费",B32)-1)&"影响电价" -> 月度集中（市场用户负荷曲线）策略影响电价 | C60: =C32/$C$2 -> 0 | D60: =D32/$C$2 -> 0 | E60: =E32/$C$2 -> 0 | F60: =F32/$C$2 -> 0 | G60: =G32/$C$2 -> 0 | H60: =H32/$C$2 -> 0 | I60: =I32/$C$2 -> 0 | J60: =J32/$C$2 -> 0 | ... AH60: =AH32/$C$2 -> 0
B61: =LEFT(B33,FIND("电费",B33)-1)&"影响电价" -> 月度分时集中策略影响电价 | C61: =C33/$C$2 -> 0 | D61: =D33/$C$2 -> 0 | E61: =E33/$C$2 -> 0 | F61: =F33/$C$2 -> 0 | G61: =G33/$C$2 -> 0 | H61: =H33/$C$2 -> 0 | I61: =I33/$C$2 -> 0 | J61: =J33/$C$2 -> 0 | ... AH61: =AH33/$C$2 -> 0
B62: =LEFT(B34,FIND("电费",B34)-1)&"影响电价" -> 月内第一次多日策略影响电价 | C62: =C34/$C$2 -> 0 | D62: =D34/$C$2 -> 0 | E62: =E34/$C$2 -> 0 | F62: =F34/$C$2 -> 0 | G62: =G34/$C$2 -> 0 | H62: =H34/$C$2 -> 0 | I62: =I34/$C$2 -> 0 | J62: =J34/$C$2 -> 0 | ... AH62: =AH34/$C$2 -> 0
... B65: =LEFT(B37,FIND("电费",B37)-1)&"影响电价" -> 月内周双边策略影响电价 | C65: =C37/$C$2 -> 0 | D65: =D37/$C$2 -> 0 | E65: =E37/$C$2 -> 0 | F65: =F37/$C$2 -> 0 | G65: =G37/$C$2 -> 0 | H65: =H37/$C$2 -> 0 | I65: =I37/$C$2 -> 0 | J65: =J37/$C$2 -> 0 | ... AH65: =AH37/$C$2 -> 0

Sheet 维护-日期
A2: 复盘日期 | B2: {=TRANSPOSE(A3:A33)} -> 46266 | C2: 46267 | D2: 46268 | E2: 46269 | F2: 46270 | G2: 46271 | H2: 46272 | I2: 46273 | J2: 46274 | K2: 46275 | L2: 46276 | M2: 46277 | N2: 46278 | O2: 46279 | P2: 46280 | Q2: 46281 | R2: 46282 | S2: 46283 | T2: 46284 | U2: 46285 | V2: 46286 | W2: 46287 | X2: 46288 | Y2: 46289 | Z2: 46290 | AA2: 46291 | AB2: 46292 | AC2: 46293 | AD2: 46294 | AE2: 46295 | AF2: 0
A3: 46266
A4: 46267
A5: 46268
A6: 46269
A7: 46270
A8: 46271
A9: 46272
A10: 46273
A11: 46274
A12: 46275
A13: 46276
A14: 46277
... A32: 46295

Sheet 计算过程-数据汇总
A1: 日期 | B1: 时间 | C1: 实际用电量 | D1: =持仓数据!B1 -> 预估用电量 | E1: 日前申报电量 | F1: =持仓数据!B70 -> 中长期合约电量(MWh) | G1: 日前统一结算点价格 | H1: 实时统一结算点价格 | I1: 省间现货电量 | J1: 省间现货电价 | K1: =持仓数据!B103 -> 中长期合约加权电价(元/MWh) | L1: 省间电费 | M1: 全量日前电费 | N1: 日前预测偏差产生电费 | O1: 日前申报策略影响电费 | P1: 中长期申报策略影响电费 | Q1: 日前偏差超额回收（日考核） | R1: 全电量中长期电费 | S1: 中长期预测偏差产生电费（全量中长期） | T1: 中长期申报策略影响电费（全量中长期） | U1: 日前预测偏差产生电费（全量中长期） | V1: 日前申报策略影响电费（全量中长期） | X1: 分时剩余限额 | Y1: =交易记录!C3 -> 年度双边交易电量(MWh) | Z1: =交易记录!C34 -> 年度双边交易电价(元/MWh) | AA1: =LEFT(Z1,FIND("交易",Z1)-1)&"策略电费变动（元）" -> 年度双边策略电费变动（元） | AB1: =交易记录!C67 -> 年度挂牌交易电量(MWh) | AC1: =交易记录!C98 -> 年度挂牌交易电价(元/MWh) | AD1: =LEFT(AC1,FIND("交易",AC1)-1)&"策略电费变动（元）" -> 年度挂牌策略电费变动（元） | AE1: =交易记录!C131 -> 年度集中竞争交易电量(MWh) | AF1: =交易记录!C162 -> 年度集中竞争交易电价(元/MWh) | AG1: =LEFT(AF1,FIND("交易",AF1)-1)&"策略电费变动（元）" -> 年度集中竞争策略电费变动（元） | AH1: =交易记录!C195 -> 年度绿电双边交易电量(MWh) | AI1: =交易记录!C226 -> 年度绿电双边交易电价(元/MWh) | AJ1: =LEFT(AI1,FIND("交易",AI1)-1)&"策略电费变动（元）" -> 年度绿电双边策略电费变动（元） | AK1: =交易记录!C259 -> 多月连续集中交易电量(MWh) | AL1: =交易记录!C290 -> 多月连续集中交易电价(元/MWh) | AM1: =LEFT(AL1,FIND("交易",AL1)-1)&"策略电费变动（元）" -> 多月连续集中策略电费变动（元） | AN1: =交易记录!C323 -> 月度跨省外送交易电量(MWh) | AO1: =交易记录!C354 -> 月度跨省外送交易电价(元/MWh) | AP1: =LEFT(AO1,FIND("交易",AO1)-1)&"策略电费变动（元）" -> 月度跨省外送策略电费变动（元） | AQ1: =交易记录!C387 -> 月度双边交易电量(MWh) | AR1: =交易记录!C418 -> 月度双边交易电价(元/MWh) | AS1: =LEFT(AR1,FIND("交易",AR1)-1)&"策略电费变动（元）" -> 月度双边策略电费变动（元） | AT1: =交易记录!C451 -> 月度绿电挂牌交易电量(MWh) | AU1: =交易记录!C482 -> 月度绿电挂牌交易电价(元/MWh) | AV1: =LEFT(AU1,FIND("交易",AU1)-1)&"策略电费变动（元）" -> 月度绿电挂牌策略电费变动（元） | AW1: =交易记录!C515 -> 月度绿电集中交易电量(MWh) | AX1: =交易记录!C546 -> 月度绿电集中交易电价(元/MWh) | AY1: =LEFT(AX1,FIND("交易",AX1)-1)&"策略电费变动（元）" -> 月度绿电集中策略电费变动（元） | AZ1: =交易记录!C579 -> 月度集中（市场用户负荷曲线）交易电量(MWh) | BA1: =交易记录!C610 -> 月度集中（市场用户负荷曲线）交易电价(元/MWh) | BB1: =LEFT(BA1,FIND("交易",BA1)-1)&"策略电费变动（元）" -> 月度集中（市场用户负荷曲线）策略电费变动（元） | BC1: =交易记录!C643 -> 月度分时集中交易电量(MWh) | BD1: =交易记录!C674 -> 月度分时集中交易电价(元/MWh) | BE1: =LEFT(BD1,FIND("交易",BD1)-1)&"策略电费变动（元）" -> 月度分时集中策略电费变动（元） | BF1: =交易记录!C707 -> 月内第一次多日交易电量(MWh) | BG1: =交易记录!C738 -> 月内第一次多日交易电价(元/MWh) | BH1: =LEFT(BG1,FIND("交易",BG1)-1)&"策略电费变动（元）" -> 月内第一次多日策略电费变动（元） | BI1: =交易记录!C771 -> 月内第二次多日交易电量(MWh) | BJ1: =交易记录!C802 -> 月内第二次多日交易电价(元/MWh) | BK1: =LEFT(BJ1,FIND("交易",BJ1)-1)&"策略电费变动（元）" -> 月内第二次多日策略电费变动（元） | BL1: =交易记录!C835 -> 月内合同转让交易电量(MWh) | BM1: =交易记录!C866 -> 月内合同转让交易电价(元/MWh) | BN1: =LEFT(BM1,FIND("交易",BM1)-1)&"策略电费变动（元）" -> 月内合同转让策略电费变动（元） | BO1: =交易记录!C899 -> 月内周双边交易电量(MWh) | BP1: =交易记录!C930 -> 月内周双边交易电价(元/MWh) | BQ1: =LEFT(BP1,FIND("交易",BP1)-1)&"策略电费变动（元）" -> 月内周双边策略电费变动（元）
A2: ='维护-日期'!A$3 -> 46266 | B2: 00:00-01:00 | C2: =D2 -> 16.656 | D2: =ROUND(INDEX(持仓数据!$C$3:$AG$26,MATCH('计算过程-数据汇总'!B2,持仓数据!$B$3:$B$26,0),MATCH('计算过程-数据汇总'!A2,'维护-日期'!$B$2:$AF$2,0)),3) -> 16.656 | E2: =D2*1 -> 16.656 | F2: =持仓数据!C72 -> 0.367 | G2: 372 | H2: 372 | I2: 0 | J2: 0 | K2: =IF(持仓数据!C105="",0,持仓数据!C105) -> 372 | L2: =I2*J2 -> 0 | M2: =IFERROR(C2*G2,0) -> 6196.032 | N2: =IFERROR((D2-C2)*(G2-H2),0) -> 0 | O2: =IFERROR((E2-D2)*(G2-H2),0) -> 0 | P2: =IFERROR(F2*(K2-G2),0) -> 0 | Q2: =IFERROR(IF(ABS((E2-C2)/C2)>0.2,IF(SUM(N2:O2)<0,ABS(G2-H2)*(ABS(C2-E2)-C2*0.2),0),0),IF(SUM(N2:O2)<0,ABS(G2-H2)*(ABS(C2-E2)-C2*0.2),0)) -> 0 | R2: =IFERROR(K2*C2,0) -> 6196.032 | S2: =IFERROR((D2-E2)*(K2-G2),0) -> 0 | T2: =IFERROR((F2-D2)*(K2-G2),0) -> 0 | U2: =IFERROR((D2-C2)*(K2-H2),0) -> 0 | V2: =IFERROR((E2-D2)*(K2-H2),0) -> 0 | X2: =ROUND(D2*1.2-SUM(Y2,AB2,AE2,AH2,AK2,AN2,AQ2,AT2,AW2,AZ2,BC2,BF2,BI2,BL2,BO2),3) -> 19.62 | Y2: =交易记录!D5 -> 0.367 | Z2: =交易记录!D36 -> 372 | AA2: =IFERROR((Z2-G2)*Y2,0) -> 0 | AB2: =交易记录!D69 -> 0 | AC2: =交易记录!D100 -> 0 | AD2: =IFERROR((AC2-$G2)*AB2,0) -> 0 | AE2: =交易记录!D133 -> 0 | AF2: =交易记录!D164 -> 0 | AG2: =IFERROR((AF2-$G2)*AE2,0) -> 0 | AH2: =交易记录!D197 -> 0 | AI2: =交易记录!D228 -> 0 | AJ2: =IFERROR((AI2-$G2)*AH2,0) -> 0 | AK2: =交易记录!D261 -> 0 | AL2: =交易记录!D292 -> 0 | AM2: =IFERROR((AL2-$G2)*AK2,0) -> 0 | AN2: =交易记录!D325 -> 0 | AO2: =交易记录!D356 -> 0 | AP2: =IFERROR((AO2-$G2)*AN2,0) -> 0 | AQ2: =交易记录!D389 -> 0 | AR2: =交易记录!D420 -> 0 | AS2: =IFERROR((AR2-$G2)*AQ2,0) -> 0 | AT2: =交易记录!D453 -> 0 | AU2: =交易记录!D484 -> 0 | AV2: =IFERROR((AU2-$G2)*AT2,0) -> 0 | AW2: =交易记录!D517 -> 0 | AX2: =交易记录!D548 -> 0 | AY2: =IFERROR((AX2-$G2)*AW2,0) -> 0 | AZ2: =交易记录!D581 -> 0 | BA2: =交易记录!D612 -> 0 | BB2: =IFERROR((BA2-$G2)*AZ2,0) -> 0 | BC2: =交易记录!D645 -> 0 | BD2: =交易记录!D676 -> 0 | BE2: =IFERROR((BD2-$G2)*BC2,0) -> 0 | BF2: =交易记录!D709 -> 0 | BG2: =交易记录!D740 -> 0 | BH2: =IFERROR((BG2-$G2)*BF2,0) -> 0 | BI2: =交易记录!D773 -> 0 | BJ2: =交易记录!D804 -> 0 | BK2: =IFERROR((BJ2-$G2)*BI2,0) -> 0 | BL2: =交易记录!D837 -> 0 | BM2: =交易记录!D868 -> 0 | BN2: =IFERROR((BM2-$G2)*BL2,0) -> 0 | BO2: =交易记录!D901 -> 0 | BP2: =交易记录!D932 -> 0 | BQ2: =IFERROR((BP2-$G2)*BO2,0) -> 0
A3: ='维护-日期'!A$3 -> 46266 | B3: 01:00-02:00 | C3: =D3 -> 15.792 | D3: =ROUND(INDEX(持仓数据!$C$3:$AG$26,MATCH('计算过程-数据汇总'!B3,持仓数据!$B$3:$B$26,0),MATCH('计算过程-数据汇总'!A3,'维护-日期'!$B$2:$AF$2,0)),3) -> 15.792 | E3: =D3*1 -> 15.792 | F3: =持仓数据!C73 -> 0.331 | G3: 372 | H3: 372 | I3: 0 | J3: 0 | K3: =IF(持仓数据!C106="",0,持仓数据!C106) -> 372 | L3: =I3*J3 -> 0 | M3: =IFERROR(C3*G3,0) -> 5874.624 | N3: =IFERROR((D3-C3)*(G3-H3),0) -> 0 | O3: =IFERROR((E3-D3)*(G3-H3),0) -> 0 | P3: =IFERROR(F3*(K3-G3),0) -> 0 | Q3: =IFERROR(IF(ABS((E3-C3)/C3)>0.2,IF(SUM(N3:O3)<0,ABS(G3-H3)*(ABS(C3-E3)-C3*0.2),0),0),IF(SUM(N3:O3)<0,ABS(G3-H3)*(ABS(C3-E3)-C3*0.2),0)) -> 0 | R3: =IFERROR(K3*C3,0) -> 5874.624 | S3: =IFERROR((D3-E3)*(K3-G3),0) -> 0 | T3: =IFERROR((F3-D3)*(K3-G3),0) -> 0 | U3: =IFERROR((D3-C3)*(K3-H3),0) -> 0 | V3: =IFERROR((E3-D3)*(K3-H3),0) -> 0 | X3: =ROUND(D3*1.2-SUM(Y3,AB3,AE3,AH3,AK3,AN3,AQ3,AT3,AW3,AZ3,BC3,BF3,BI3,BL3,BO3),3) -> 18.619 | Y3: =交易记录!D6 -> 0.331 | Z3: =交易记录!D37 -> 372 | AA3: =IFERROR((Z3-G3)*Y3,0) -> 0 | AB3: =交易记录!D70 -> 0 | AC3: =交易记录!D101 -> 0 | AD3: =IFERROR((AC3-$G3)*AB3,0) -> 0 | AE3: =交易记录!D134 -> 0 | AF3: =交易记录!D165 -> 0 | AG3: =IFERROR((AF3-$G3)*AE3,0) -> 0 | AH3: =交易记录!D198 -> 0 | AI3: =交易记录!D229 -> 0 | AJ3: =IFERROR((AI3-$G3)*AH3,0) -> 0 | AK3: =交易记录!D262 -> 0 | AL3: =交易记录!D293 -> 0 | AM3: =IFERROR((AL3-$G3)*AK3,0) -> 0 | AN3: =交易记录!D326 -> 0 | AO3: =交易记录!D357 -> 0 | AP3: =IFERROR((AO3-$G3)*AN3,0) -> 0 | AQ3: =交易记录!D390 -> 0 | AR3: =交易记录!D421 -> 0 | AS3: =IFERROR((AR3-$G3)*AQ3,0) -> 0 | AT3: =交易记录!D454 -> 0 | AU3: =交易记录!D485 -> 0 | AV3: =IFERROR((AU3-$G3)*AT3,0) -> 0 | AW3: =交易记录!D518 -> 0 | AX3: =交易记录!D549 -> 0 | AY3: =IFERROR((AX3-$G3)*AW3,0) -> 0 | AZ3: =交易记录!D582 -> 0 | BA3: =交易记录!D613 -> 0 | BB3: =IFERROR((BA3-$G3)*AZ3,0) -> 0 | BC3: =交易记录!D646 -> 0 | BD3: =交易记录!D677 -> 0 | BE3: =IFERROR((BD3-$G3)*BC3,0) -> 0 | BF3: =交易记录!D710 -> 0 | BG3: =交易记录!D741 -> 0 | BH3: =IFERROR((BG3-$G3)*BF3,0) -> 0 | BI3: =交易记录!D774 -> 0 | BJ3: =交易记录!D805 -> 0 | BK3: =IFERROR((BJ3-$G3)*BI3,0) -> 0 | BL3: =交易记录!D838 -> 0 | BM3: =交易记录!D869 -> 0 | BN3: =IFERROR((BM3-$G3)*BL3,0) -> 0 | BO3: =交易记录!D902 -> 0 | BP3: =交易记录!D933 -> 0 | BQ3: =IFERROR((BP3-$G3)*BO3,0) -> 0
A4: ='维护-日期'!A$3 -> 46266 | B4: 02:00-03:00 | C4: =D4 -> 14.822 | D4: =ROUND(INDEX(持仓数据!$C$3:$AG$26,MATCH('计算过程-数据汇总'!B4,持仓数据!$B$3:$B$26,0),MATCH('计算过程-数据汇总'!A4,'维护-日期'!$B$2:$AF$2,0)),3) -> 14.822 | E4: =D4*1 -> 14.822 | F4: =持仓数据!C74 -> 0.238 | G4: 372 | H4: 372 | I4: 0 | J4: 0 | K4: =IF(持仓数据!C107="",0,持仓数据!C107) -> 372 | L4: =I4*J4 -> 0 | M4: =IFERROR(C4*G4,0) -> 5513.784 | N4: =IFERROR((D4-C4)*(G4-H4),0) -> 0 | O4: =IFERROR((E4-D4)*(G4-H4),0) -> 0 | P4: =IFERROR(F4*(K4-G4),0) -> 0 | Q4: =IFERROR(IF(ABS((E4-C4)/C4)>0.2,IF(SUM(N4:O4)<0,ABS(G4-H4)*(ABS(C4-E4)-C4*0.2),0),0),IF(SUM(N4:O4)<0,ABS(G4-H4)*(ABS(C4-E4)-C4*0.2),0)) -> 0 | R4: =IFERROR(K4*C4,0) -> 5513.784 | S4: =IFERROR((D4-E4)*(K4-G4),0) -> 0 | T4: =IFERROR((F4-D4)*(K4-G4),0) -> 0 | U4: =IFERROR((D4-C4)*(K4-H4),0) -> 0 | V4: =IFERROR((E4-D4)*(K4-H4),0) -> 0 | X4: =ROUND(D4*1.2-SUM(Y4,AB4,AE4,AH4,AK4,AN4,AQ4,AT4,AW4,AZ4,BC4,BF4,BI4,BL4,BO4),3) -> 17.548 | Y4: =交易记录!D7 -> 0.238 | Z4: =交易记录!D38 -> 372 | AA4: =IFERROR((Z4-G4)*Y4,0) -> 0 | AB4: =交易记录!D71 -> 0 | AC4: =交易记录!D102 -> 0 | AD4: =IFERROR((AC4-$G4)*AB4,0) -> 0 | AE4: =交易记录!D135 -> 0 | AF4: =交易记录!D166 -> 0 | AG4: =IFERROR((AF4-$G4)*AE4,0) -> 0 | AH4: =交易记录!D199 -> 0 | AI4: =交易记录!D230 -> 0 | AJ4: =IFERROR((AI4-$G4)*AH4,0) -> 0 | AK4: =交易记录!D263 -> 0 | AL4: =交易记录!D294 -> 0 | AM4: =IFERROR((AL4-$G4)*AK4,0) -> 0 | AN4: =交易记录!D327 -> 0 | AO4: =交易记录!D358 -> 0 | AP4: =IFERROR((AO4-$G4)*AN4,0) -> 0 | AQ4: =交易记录!D391 -> 0 | AR4: =交易记录!D422 -> 0 | AS4: =IFERROR((AR4-$G4)*AQ4,0) -> 0 | AT4: =交易记录!D455 -> 0 | AU4: =交易记录!D486 -> 0 | AV4: =IFERROR((AU4-$G4)*AT4,0) -> 0 | AW4: =交易记录!D519 -> 0 | AX4: =交易记录!D550 -> 0 | AY4: =IFERROR((AX4-$G4)*AW4,0) -> 0 | AZ4: =交易记录!D583 -> 0 | BA4: =交易记录!D614 -> 0 | BB4: =IFERROR((BA4-$G4)*AZ4,0) -> 0 | BC4: =交易记录!D647 -> 0 | BD4: =交易记录!D678 -> 0 | BE4: =IFERROR((BD4-$G4)*BC4,0) -> 0 | BF4: =交易记录!D711 -> 0 | BG4: =交易记录!D742 -> 0 | BH4: =IFERROR((BG4-$G4)*BF4,0) -> 0 | BI4: =交易记录!D775 -> 0 | BJ4: =交易记录!D806 -> 0 | BK4: =IFERROR((BJ4-$G4)*BI4,0) -> 0 | BL4: =交易记录!D839 -> 0 | BM4: =交易记录!D870 -> 0 | BN4: =IFERROR((BM4-$G4)*BL4,0) -> 0 | BO4: =交易记录!D903 -> 0 | BP4: =交易记录!D934 -> 0 | BQ4: =IFERROR((BP4-$G4)*BO4,0) -> 0
A5: ='维护-日期'!A$3 -> 46266 | B5: 03:00-04:00 | C5: =D5 -> 13.817 | D5: =ROUND(INDEX(持仓数据!$C$3:$AG$26,MATCH('计算过程-数据汇总'!B5,持仓数据!$B$3:$B$26,0),MATCH('计算过程-数据汇总'!A5,'维护-日期'!$B$2:$AF$2,0)),3) -> 13.817 | E5: =D5*1 -> 13.817 | F5: =持仓数据!C75 -> 0.171 | G5: 372 | H5: 372 | I5: 0 | J5: 0 | K5: =IF(持仓数据!C108="",0,持仓数据!C108) -> 372 | L5: =I5*J5 -> 0 | M5: =IFERROR(C5*G5,0) -> 5139.924 | N5: =IFERROR((D5-C5)*(G5-H5),0) -> 0 | O5: =IFERROR((E5-D5)*(G5-H5),0) -> 0 | P5: =IFERROR(F5*(K5-G5),0) -> 0 | Q5: =IFERROR(IF(ABS((E5-C5)/C5)>0.2,IF(SUM(N5:O5)<0,ABS(G5-H5)*(ABS(C5-E5)-C5*0.2),0),0),IF(SUM(N5:O5)<0,ABS(G5-H5)*(ABS(C5-E5)-C5*0.2),0)) -> 0 | R5: =IFERROR(K5*C5,0) -> 5139.924 | S5: =IFERROR((D5-E5)*(K5-G5),0) -> 0 | T5: =IFERROR((F5-D5)*(K5-G5),0) -> 0 | U5: =IFERROR((D5-C5)*(K5-H5),0) -> 0 | V5: =IFERROR((E5-D5)*(K5-H5),0) -> 0 | X5: =ROUND(D5*1.2-SUM(Y5,AB5,AE5,AH5,AK5,AN5,AQ5,AT5,AW5,AZ5,BC5,BF5,BI5,BL5,BO5),3) -> 16.409 | Y5: =交易记录!D8 -> 0.171 | Z5: =交易记录!D39 -> 372 | AA5: =IFERROR((Z5-G5)*Y5,0) -> 0 | AB5: =交易记录!D72 -> 0 | AC5: =交易记录!D103 -> 0 | AD5: =IFERROR((AC5-$G5)*AB5,0) -> 0 | AE5: =交易记录!D136 -> 0 | AF5: =交易记录!D167 -> 0 | AG5: =IFERROR((AF5-$G5)*AE5,0) -> 0 | AH5: =交易记录!D200 -> 0 | AI5: =交易记录!D231 -> 0 | AJ5: =IFERROR((AI5-$G5)*AH5,0) -> 0 | AK5: =交易记录!D264 -> 0 | AL5: =交易记录!D295 -> 0 | AM5: =IFERROR((AL5-$G5)*AK5,0) -> 0 | AN5: =交易记录!D328 -> 0 | AO5: =交易记录!D359 -> 0 | AP5: =IFERROR((AO5-$G5)*AN5,0) -> 0 | AQ5: =交易记录!D392 -> 0 | AR5: =交易记录!D423 -> 0 | AS5: =IFERROR((AR5-$G5)*AQ5,0) -> 0 | AT5: =交易记录!D456 -> 0 | AU5: =交易记录!D487 -> 0 | AV5: =IFERROR((AU5-$G5)*AT5,0) -> 0 | AW5: =交易记录!D520 -> 0 | AX5: =交易记录!D551 -> 0 | AY5: =IFERROR((AX5-$G5)*AW5,0) -> 0 | AZ5: =交易记录!D584 -> 0 | BA5: =交易记录!D615 -> 0 | BB5: =IFERROR((BA5-$G5)*AZ5,0) -> 0 | BC5: =交易记录!D648 -> 0 | BD5: =交易记录!D679 -> 0 | BE5: =IFERROR((BD5-$G5)*BC5,0) -> 0 | BF5: =交易记录!D712 -> 0 | BG5: =交易记录!D743 -> 0 | BH5: =IFERROR((BG5-$G5)*BF5,0) -> 0 | BI5: =交易记录!D776 -> 0 | BJ5: =交易记录!D807 -> 0 | BK5: =IFERROR((BJ5-$G5)*BI5,0) -> 0 | BL5: =交易记录!D840 -> 0 | BM5: =交易记录!D871 -> 0 | BN5: =IFERROR((BM5-$G5)*BL5,0) -> 0 | BO5: =交易记录!D904 -> 0 | BP5: =交易记录!D935 -> 0 | BQ5: =IFERROR((BP5-$G5)*BO5,0) -> 0
A6: ='维护-日期'!A$3 -> 46266 | B6: 04:00-05:00 | C6: =D6 -> 13.388 | D6: =ROUND(INDEX(持仓数据!$C$3:$AG$26,MATCH('计算过程-数据汇总'!B6,持仓数据!$B$3:$B$26,0),MATCH('计算过程-数据汇总'!A6,'维护-日期'!$B$2:$AF$2,0)),3) -> 13.388 | E6: =D6*1 -> 13.388 | F6: =持仓数据!C76 -> 0.074 | G6: 372 | H6: 372 | I6: 0 | J6: 0 | K6: =IF(持仓数据!C109="",0,持仓数据!C109) -> 372 | L6: =I6*J6 -> 0 | M6: =IFERROR(C6*G6,0) -> 4980.336 | N6: =IFERROR((D6-C6)*(G6-H6),0) -> 0 | O6: =IFERROR((E6-D6)*(G6-H6),0) -> 0 | P6: =IFERROR(F6*(K6-G6),0) -> 0 | Q6: =IFERROR(IF(ABS((E6-C6)/C6)>0.2,IF(SUM(N6:O6)<0,ABS(G6-H6)*(ABS(C6-E6)-C6*0.2),0),0),IF(SUM(N6:O6)<0,ABS(G6-H6)*(ABS(C6-E6)-C6*0.2),0)) -> 0 | R6: =IFERROR(K6*C6,0) -> 4980.336 | S6: =IFERROR((D6-E6)*(K6-G6),0) -> 0 | T6: =IFERROR((F6-D6)*(K6-G6),0) -> 0 | U6: =IFERROR((D6-C6)*(K6-H6),0) -> 0 | V6: =IFERROR((E6-D6)*(K6-H6),0) -> 0 | X6: =ROUND(D6*1.2-SUM(Y6,AB6,AE6,AH6,AK6,AN6,AQ6,AT6,AW6,AZ6,BC6,BF6,BI6,BL6,BO6),3) -> 15.992 | Y6: =交易记录!D9 -> 0.074 | Z6: =交易记录!D40 -> 372 | AA6: =IFERROR((Z6-G6)*Y6,0) -> 0 | AB6: =交易记录!D73 -> 0 | AC6: =交易记录!D104 -> 0 | AD6: =IFERROR((AC6-$G6)*AB6,0) -> 0 | AE6: =交易记录!D137 -> 0 | AF6: =交易记录!D168 -> 0 | AG6: =IFERROR((AF6-$G6)*AE6,0) -> 0 | AH6: =交易记录!D201 -> 0 | AI6: =交易记录!D232 -> 0 | AJ6: =IFERROR((AI6-$G6)*AH6,0) -> 0 | AK6: =交易记录!D265 -> 0 | AL6: =交易记录!D296 -> 0 | AM6: =IFERROR((AL6-$G6)*AK6,0) -> 0 | AN6: =交易记录!D329 -> 0 | AO6: =交易记录!D360 -> 0 | AP6: =IFERROR((AO6-$G6)*AN6,0) -> 0 | AQ6: =交易记录!D393 -> 0 | AR6: =交易记录!D424 -> 0 | AS6: =IFERROR((AR6-$G6)*AQ6,0) -> 0 | AT6: =交易记录!D457 -> 0 | AU6: =交易记录!D488 -> 0 | AV6: =IFERROR((AU6-$G6)*AT6,0) -> 0 | AW6: =交易记录!D521 -> 0 | AX6: =交易记录!D552 -> 0 | AY6: =IFERROR((AX6-$G6)*AW6,0) -> 0 | AZ6: =交易记录!D585 -> 0 | BA6: =交易记录!D616 -> 0 | BB6: =IFERROR((BA6-$G6)*AZ6,0) -> 0 | BC6: =交易记录!D649 -> 0 | BD6: =交易记录!D680 -> 0 | BE6: =IFERROR((BD6-$G6)*BC6,0) -> 0 | BF6: =交易记录!D713 -> 0 | BG6: =交易记录!D744 -> 0 | BH6: =IFERROR((BG6-$G6)*BF6,0) -> 0 | BI6: =交易记录!D777 -> 0 | BJ6: =交易记录!D808 -> 0 | BK6: =IFERROR((BJ6-$G6)*BI6,0) -> 0 | BL6: =交易记录!D841 -> 0 | BM6: =交易记录!D872 -> 0 | BN6: =IFERROR((BM6-$G6)*BL6,0) -> 0 | BO6: =交易记录!D905 -> 0 | BP6: =交易记录!D936 -> 0 | BQ6: =IFERROR((BP6-$G6)*BO6,0) -> 0
A7: ='维护-日期'!A$3 -> 46266 | B7: 05:00-06:00 | C7: =D7 -> 13.087 | D7: =ROUND(INDEX(持仓数据!$C$3:$AG$26,MATCH('计算过程-数据汇总'!B7,持仓数据!$B$3:$B$26,0),MATCH('计算过程-数据汇总'!A7,'维护-日期'!$B$2:$AF$2,0)),3) -> 13.087 | E7: =D7*1 -> 13.087 | F7: =持仓数据!C77 -> 0.072 | G7: 372 | H7: 372 | I7: 0 | J7: 0 | K7: =IF(持仓数据!C110="",0,持仓数据!C110) -> 372 | L7: =I7*J7 -> 0 | M7: =IFERROR(C7*G7,0) -> 4868.364 | N7: =IFERROR((D7-C7)*(G7-H7),0) -> 0 | O7: =IFERROR((E7-D7)*(G7-H7),0) -> 0 | P7: =IFERROR(F7*(K7-G7),0) -> 0 | Q7: =IFERROR(IF(ABS((E7-C7)/C7)>0.2,IF(SUM(N7:O7)<0,ABS(G7-H7)*(ABS(C7-E7)-C7*0.2),0),0),IF(SUM(N7:O7)<0,ABS(G7-H7)*(ABS(C7-E7)-C7*0.2),0)) -> 0 | R7: =IFERROR(K7*C7,0) -> 4868.364 | S7: =IFERROR((D7-E7)*(K7-G7),0) -> 0 | T7: =IFERROR((F7-D7)*(K7-G7),0) -> 0 | U7: =IFERROR((D7-C7)*(K7-H7),0) -> 0 | V7: =IFERROR((E7-D7)*(K7-H7),0) -> 0 | X7: =ROUND(D7*1.2-SUM(Y7,AB7,AE7,AH7,AK7,AN7,AQ7,AT7,AW7,AZ7,BC7,BF7,BI7,BL7,BO7),3) -> 15.632 | Y7: =交易记录!D10 -> 0.072 | Z7: =交易记录!D41 -> 372 | AA7: =IFERROR((Z7-G7)*Y7,0) -> 0 | AB7: =交易记录!D74 -> 0 | AC7: =交易记录!D105 -> 0 | AD7: =IFERROR((AC7-$G7)*AB7,0) -> 0 | AE7: =交易记录!D138 -> 0 | AF7: =交易记录!D169 -> 0 | AG7: =IFERROR((AF7-$G7)*AE7,0) -> 0 | AH7: =交易记录!D202 -> 0 | AI7: =交易记录!D233 -> 0 | AJ7: =IFERROR((AI7-$G7)*AH7,0) -> 0 | AK7: =交易记录!D266 -> 0 | AL7: =交易记录!D297 -> 0 | AM7: =IFERROR((AL7-$G7)*AK7,0) -> 0 | AN7: =交易记录!D330 -> 0 | AO7: =交易记录!D361 -> 0 | AP7: =IFERROR((AO7-$G7)*AN7,0) -> 0 | AQ7: =交易记录!D394 -> 0 | AR7: =交易记录!D425 -> 0 | AS7: =IFERROR((AR7-$G7)*AQ7,0) -> 0 | AT7: =交易记录!D458 -> 0 | AU7: =交易记录!D489 -> 0 | AV7: =IFERROR((AU7-$G7)*AT7,0) -> 0 | AW7: =交易记录!D522 -> 0 | AX7: =交易记录!D553 -> 0 | AY7: =IFERROR((AX7-$G7)*AW7,0) -> 0 | AZ7: =交易记录!D586 -> 0 | BA7: =交易记录!D617 -> 0 | BB7: =IFERROR((BA7-$G7)*AZ7,0) -> 0 | BC7: =交易记录!D650 -> 0 | BD7: =交易记录!D681 -> 0 | BE7: =IFERROR((BD7-$G7)*BC7,0) -> 0 | BF7: =交易记录!D714 -> 0 | BG7: =交易记录!D745 -> 0 | BH7: =IFERROR((BG7-$G7)*BF7,0) -> 0 | BI7: =交易记录!D778 -> 0 | BJ7: =交易记录!D809 -> 0 | BK7: =IFERROR((BJ7-$G7)*BI7,0) -> 0 | BL7: =交易记录!D842 -> 0 | BM7: =交易记录!D873 -> 0 | BN7: =IFERROR((BM7-$G7)*BL7,0) -> 0 | BO7: =交易记录!D906 -> 0 | BP7: =交易记录!D937 -> 0 | BQ7: =IFERROR((BP7-$G7)*BO7,0) -> 0
A8: ='维护-日期'!A$3 -> 46266 | B8: 06:00-07:00 | C8: =D8 -> 12.95 | D8: =ROUND(INDEX(持仓数据!$C$3:$AG$26,MATCH('计算过程-数据汇总'!B8,持仓数据!$B$3:$B$26,0),MATCH('计算过程-数据汇总'!A8,'维护-日期'!$B$2:$AF$2,0)),3) -> 12.95 | E8: =D8*1 -> 12.95 | F8: =持仓数据!C78 -> 0.118 | G8: 372 | H8: 372 | I8: 0 | J8: 0 | K8: =IF(持仓数据!C111="",0,持仓数据!C111) -> 372 | L8: =I8*J8 -> 0 | M8: =IFERROR(C8*G8,0) -> 4817.4 | N8: =IFERROR((D8-C8)*(G8-H8),0) -> 0 | O8: =IFERROR((E8-D8)*(G8-H8),0) -> 0 | P8: =IFERROR(F8*(K8-G8),0) -> 0 | Q8: =IFERROR(IF(ABS((E8-C8)/C8)>0.2,IF(SUM(N8:O8)<0,ABS(G8-H8)*(ABS(C8-E8)-C8*0.2),0),0),IF(SUM(N8:O8)<0,ABS(G8-H8)*(ABS(C8-E8)-C8*0.2),0)) -> 0 | R8: =IFERROR(K8*C8,0) -> 4817.4 | S8: =IFERROR((D8-E8)*(K8-G8),0) -> 0 | T8: =IFERROR((F8-D8)*(K8-G8),0) -> 0 | U8: =IFERROR((D8-C8)*(K8-H8),0) -> 0 | V8: =IFERROR((E8-D8)*(K8-H8),0) -> 0 | X8: =ROUND(D8*1.2-SUM(Y8,AB8,AE8,AH8,AK8,AN8,AQ8,AT8,AW8,AZ8,BC8,BF8,BI8,BL8,BO8),3) -> 15.422 | Y8: =交易记录!D11 -> 0.118 | Z8: =交易记录!D42 -> 372 | AA8: =IFERROR((Z8-G8)*Y8,0) -> 0 | AB8: =交易记录!D75 -> 0 | AC8: =交易记录!D106 -> 0 | AD8: =IFERROR((AC8-$G8)*AB8,0) -> 0 | AE8: =交易记录!D139 -> 0 | AF8: =交易记录!D170 -> 0 | AG8: =IFERROR((AF8-$G8)*AE8,0) -> 0 | AH8: =交易记录!D203 -> 0 | AI8: =交易记录!D234 -> 0 | AJ8: =IFERROR((AI8-$G8)*AH8,0) -> 0 | AK8: =交易记录!D267 -> 0 | AL8: =交易记录!D298 -> 0 | AM8: =IFERROR((AL8-$G8)*AK8,0) -> 0 | AN8: =交易记录!D331 -> 0 | AO8: =交易记录!D362 -> 0 | AP8: =IFERROR((AO8-$G8)*AN8,0) -> 0 | AQ8: =交易记录!D395 -> 0 | AR8: =交易记录!D426 -> 0 | AS8: =IFERROR((AR8-$G8)*AQ8,0) -> 0 | AT8: =交易记录!D459 -> 0 | AU8: =交易记录!D490 -> 0 | AV8: =IFERROR((AU8-$G8)*AT8,0) -> 0 | AW8: =交易记录!D523 -> 0 | AX8: =交易记录!D554 -> 0 | AY8: =IFERROR((AX8-$G8)*AW8,0) -> 0 | AZ8: =交易记录!D587 -> 0 | BA8: =交易记录!D618 -> 0 | BB8: =IFERROR((BA8-$G8)*AZ8,0) -> 0 | BC8: =交易记录!D651 -> 0 | BD8: =交易记录!D682 -> 0 | BE8: =IFERROR((BD8-$G8)*BC8,0) -> 0 | BF8: =交易记录!D715 -> 0 | BG8: =交易记录!D746 -> 0 | BH8: =IFERROR((BG8-$G8)*BF8,0) -> 0 | BI8: =交易记录!D779 -> 0 | BJ8: =交易记录!D810 -> 0 | BK8: =IFERROR((BJ8-$G8)*BI8,0) -> 0 | BL8: =交易记录!D843 -> 0 | BM8: =交易记录!D874 -> 0 | BN8: =IFERROR((BM8-$G8)*BL8,0) -> 0 | BO8: =交易记录!D907 -> 0 | BP8: =交易记录!D938 -> 0 | BQ8: =IFERROR((BP8-$G8)*BO8,0) -> 0
A9: ='维护-日期'!A$3 -> 46266 | B9: 07:00-08:00 | C9: =D9 -> 13.267 | D9: =ROUND(INDEX(持仓数据!$C$3:$AG$26,MATCH('计算过程-数据汇总'!B9,持仓数据!$B$3:$B$26,0),MATCH('计算过程-数据汇总'!A9,'维护-日期'!$B$2:$AF$2,0)),3) -> 13.267 | E9: =D9*1 -> 13.267 | F9: =持仓数据!C79 -> 0.135 | G9: 372 | H9: 372 | I9: 0 | J9: 0 | K9: =IF(持仓数据!C112="",0,持仓数据!C112) -> 372 | L9: =I9*J9 -> 0 | M9: =IFERROR(C9*G9,0) -> 4935.324 | N9: =IFERROR((D9-C9)*(G9-H9),0) -> 0 | O9: =IFERROR((E9-D9)*(G9-H9),0) -> 0 | P9: =IFERROR(F9*(K9-G9),0) -> 0 | Q9: =IFERROR(IF(ABS((E9-C9)/C9)>0.2,IF(SUM(N9:O9)<0,ABS(G9-H9)*(ABS(C9-E9)-C9*0.2),0),0),IF(SUM(N9:O9)<0,ABS(G9-H9)*(ABS(C9-E9)-C9*0.2),0)) -> 0 | R9: =IFERROR(K9*C9,0) -> 4935.324 | S9: =IFERROR((D9-E9)*(K9-G9),0) -> 0 | T9: =IFERROR((F9-D9)*(K9-G9),0) -> 0 | U9: =IFERROR((D9-C9)*(K9-H9),0) -> 0 | V9: =IFERROR((E9-D9)*(K9-H9),0) -> 0 | X9: =ROUND(D9*1.2-SUM(Y9,AB9,AE9,AH9,AK9,AN9,AQ9,AT9,AW9,AZ9,BC9,BF9,BI9,BL9,BO9),3) -> 15.785 | Y9: =交易记录!D12 -> 0.135 | Z9: =交易记录!D43 -> 372 | AA9: =IFERROR((Z9-G9)*Y9,0) -> 0 | AB9: =交易记录!D76 -> 0 | AC9: =交易记录!D107 -> 0 | AD9: =IFERROR((AC9-$G9)*AB9,0) -> 0 | AE9: =交易记录!D140 -> 0 | AF9: =交易记录!D171 -> 0 | AG9: =IFERROR((AF9-$G9)*AE9,0) -> 0 | AH9: =交易记录!D204 -> 0 | AI9: =交易记录!D235 -> 0 | AJ9: =IFERROR((AI9-$G9)*AH9,0) -> 0 | AK9: =交易记录!D268 -> 0 | AL9: =交易记录!D299 -> 0 | AM9: =IFERROR((AL9-$G9)*AK9,0) -> 0 | AN9: =交易记录!D332 -> 0 | AO9: =交易记录!D363 -> 0 | AP9: =IFERROR((AO9-$G9)*AN9,0) -> 0 | AQ9: =交易记录!D396 -> 0 | AR9: =交易记录!D427 -> 0 | AS9: =IFERROR((AR9-$G9)*AQ9,0) -> 0 | AT9: =交易记录!D460 -> 0 | AU9: =交易记录!D491 -> 0 | AV9: =IFERROR((AU9-$G9)*AT9,0) -> 0 | AW9: =交易记录!D524 -> 0 | AX9: =交易记录!D555 -> 0 | AY9: =IFERROR((AX9-$G9)*AW9,0) -> 0 | AZ9: =交易记录!D588 -> 0 | BA9: =交易记录!D619 -> 0 | BB9: =IFERROR((BA9-$G9)*AZ9,0) -> 0 | BC9: =交易记录!D652 -> 0 | BD9: =交易记录!D683 -> 0 | BE9: =IFERROR((BD9-$G9)*BC9,0) -> 0 | BF9: =交易记录!D716 -> 0 | BG9: =交易记录!D747 -> 0 | BH9: =IFERROR((BG9-$G9)*BF9,0) -> 0 | BI9: =交易记录!D780 -> 0 | BJ9: =交易记录!D811 -> 0 | BK9: =IFERROR((BJ9-$G9)*BI9,0) -> 0 | BL9: =交易记录!D844 -> 0 | BM9: =交易记录!D875 -> 0 | BN9: =IFERROR((BM9-$G9)*BL9,0) -> 0 | BO9: =交易记录!D908 -> 0 | BP9: =交易记录!D939 -> 0 | BQ9: =IFERROR((BP9-$G9)*BO9,0) -> 0
A10: ='维护-日期'!A$3 -> 46266 | B10: 08:00-09:00 | C10: =D10 -> 15.796 | D10: =ROUND(INDEX(持仓数据!$C$3:$AG$26,MATCH('计算过程-数据汇总'!B10,持仓数据!$B$3:$B$26,0),MATCH('计算过程-数据汇总'!A10,'维护-日期'!$B$2:$AF$2,0)),3) -> 15.796 | E10: =D10*1 -> 15.796 | F10: =持仓数据!C80 -> 0.261 | G10: 372 | H10: 372 | I10: 0 | J10: 0 | K10: =IF(持仓数据!C113="",0,持仓数据!C113) -> 372 | L10: =I10*J10 -> 0 | M10: =IFERROR(C10*G10,0) -> 5876.112 | N10: =IFERROR((D10-C10)*(G10-H10),0) -> 0 | O10: =IFERROR((E10-D10)*(G10-H10),0) -> 0 | P10: =IFERROR(F10*(K10-G10),0) -> 0 | Q10: =IFERROR(IF(ABS((E10-C10)/C10)>0.2,IF(SUM(N10:O10)<0,ABS(G10-H10)*(ABS(C10-E10)-C10*0.2),0),0),IF(SUM(N10:O10)<0,ABS(G10-H10)*(ABS(C10-E10)-C10*0.2),0)) -> 0 | R10: =IFERROR(K10*C10,0) -> 5876.112 | S10: =IFERROR((D10-E10)*(K10-G10),0) -> 0 | T10: =IFERROR((F10-D10)*(K10-G10),0) -> 0 | U10: =IFERROR((D10-C10)*(K10-H10),0) -> 0 | V10: =IFERROR((E10-D10)*(K10-H10),0) -> 0 | X10: =ROUND(D10*1.2-SUM(Y10,AB10,AE10,AH10,AK10,AN10,AQ10,AT10,AW10,AZ10,BC10,BF10,BI10,BL10,BO10),3) -> 18.694 | Y10: =交易记录!D13 -> 0.261 | Z10: =交易记录!D44 -> 372 | AA10: =IFERROR((Z10-G10)*Y10,0) -> 0 | AB10: =交易记录!D77 -> 0 | AC10: =交易记录!D108 -> 0 | AD10: =IFERROR((AC10-$G10)*AB10,0) -> 0 | AE10: =交易记录!D141 -> 0 | AF10: =交易记录!D172 -> 0 | AG10: =IFERROR((AF10-$G10)*AE10,0) -> 0 | AH10: =交易记录!D205 -> 0 | AI10: =交易记录!D236 -> 0 | AJ10: =IFERROR((AI10-$G10)*AH10,0) -> 0 | AK10: =交易记录!D269 -> 0 | AL10: =交易记录!D300 -> 0 | AM10: =IFERROR((AL10-$G10)*AK10,0) -> 0 | AN10: =交易记录!D333 -> 0 | AO10: =交易记录!D364 -> 0 | AP10: =IFERROR((AO10-$G10)*AN10,0) -> 0 | AQ10: =交易记录!D397 -> 0 | AR10: =交易记录!D428 -> 0 | AS10: =IFERROR((AR10-$G10)*AQ10,0) -> 0 | AT10: =交易记录!D461 -> 0 | AU10: =交易记录!D492 -> 0 | AV10: =IFERROR((AU10-$G10)*AT10,0) -> 0 | AW10: =交易记录!D525 -> 0 | AX10: =交易记录!D556 -> 0 | AY10: =IFERROR((AX10-$G10)*AW10,0) -> 0 | AZ10: =交易记录!D589 -> 0 | BA10: =交易记录!D620 -> 0 | BB10: =IFERROR((BA10-$G10)*AZ10,0) -> 0 | BC10: =交易记录!D653 -> 0 | BD10: =交易记录!D684 -> 0 | BE10: =IFERROR((BD10-$G10)*BC10,0) -> 0 | BF10: =交易记录!D717 -> 0 | BG10: =交易记录!D748 -> 0 | BH10: =IFERROR((BG10-$G10)*BF10,0) -> 0 | BI10: =交易记录!D781 -> 0 | BJ10: =交易记录!D812 -> 0 | BK10: =IFERROR((BJ10-$G10)*BI10,0) -> 0 | BL10: =交易记录!D845 -> 0 | BM10: =交易记录!D876 -> 0 | BN10: =IFERROR((BM10-$G10)*BL10,0) -> 0 | BO10: =交易记录!D909 -> 0 | BP10: =交易记录!D940 -> 0 | BQ10: =IFERROR((BP10-$G10)*BO10,0) -> 0
A11: ='维护-日期'!A$3 -> 46266 | B11: 09:00-10:00 | C11: =D11 -> 19.308 | D11: =ROUND(INDEX(持仓数据!$C$3:$AG$26,MATCH('计算过程-数据汇总'!B11,持仓数据!$B$3:$B$26,0),MATCH('计算过程-数据汇总'!A11,'维护-日期'!$B$2:$AF$2,0)),3) -> 19.308 | E11: =D11*1 -> 19.308 | F11: =持仓数据!C81 -> 0.28 | G11: 372 | H11: 372 | I11: 0 | J11: 0 | K11: =IF(持仓数据!C114="",0,持仓数据!C114) -> 372 | L11: =I11*J11 -> 0 | M11: =IFERROR(C11*G11,0) -> 7182.576 | N11: =IFERROR((D11-C11)*(G11-H11),0) -> 0 | O11: =IFERROR((E11-D11)*(G11-H11),0) -> 0 | P11: =IFERROR(F11*(K11-G11),0) -> 0 | Q11: =IFERROR(IF(ABS((E11-C11)/C11)>0.2,IF(SUM(N11:O11)<0,ABS(G11-H11)*(ABS(C11-E11)-C11*0.2),0),0),IF(SUM(N11:O11)<0,ABS(G11-H11)*(ABS(C11-E11)-C11*0.2),0)) -> 0 | R11: =IFERROR(K11*C11,0) -> 7182.576 | S11: =IFERROR((D11-E11)*(K11-G11),0) -> 0 | T11: =IFERROR((F11-D11)*(K11-G11),0) -> 0 | U11: =IFERROR((D11-C11)*(K11-H11),0) -> 0 | V11: =IFERROR((E11-D11)*(K11-H11),0) -> 0 | X11: =ROUND(D11*1.2-SUM(Y11,AB11,AE11,AH11,AK11,AN11,AQ11,AT11,AW11,AZ11,BC11,BF11,BI11,BL11,BO11),3) -> 22.89 | Y11: =交易记录!D14 -> 0.28 | Z11: =交易记录!D45 -> 372 | AA11: =IFERROR((Z11-G11)*Y11,0) -> 0 | AB11: =交易记录!D78 -> 0 | AC11: =交易记录!D109 -> 0 | AD11: =IFERROR((AC11-$G11)*AB11,0) -> 0 | AE11: =交易记录!D142 -> 0 | AF11: =交易记录!D173 -> 0 | AG11: =IFERROR((AF11-$G11)*AE11,0) -> 0 | AH11: =交易记录!D206 -> 0 | AI11: =交易记录!D237 -> 0 | AJ11: =IFERROR((AI11-$G11)*AH11,0) -> 0 | AK11: =交易记录!D270 -> 0 | AL11: =交易记录!D301 -> 0 | AM11: =IFERROR((AL11-$G11)*AK11,0) -> 0 | AN11: =交易记录!D334 -> 0 | AO11: =交易记录!D365 -> 0 | AP11: =IFERROR((AO11-$G11)*AN11,0) -> 0 | AQ11: =交易记录!D398 -> 0 | AR11: =交易记录!D429 -> 0 | AS11: =IFERROR((AR11-$G11)*AQ11,0) -> 0 | AT11: =交易记录!D462 -> 0 | AU11: =交易记录!D493 -> 0 | AV11: =IFERROR((AU11-$G11)*AT11,0) -> 0 | AW11: =交易记录!D526 -> 0 | AX11: =交易记录!D557 -> 0 | AY11: =IFERROR((AX11-$G11)*AW11,0) -> 0 | AZ11: =交易记录!D590 -> 0 | BA11: =交易记录!D621 -> 0 | BB11: =IFERROR((BA11-$G11)*AZ11,0) -> 0 | BC11: =交易记录!D654 -> 0 | BD11: =交易记录!D685 -> 0 | BE11: =IFERROR((BD11-$G11)*BC11,0) -> 0 | BF11: =交易记录!D718 -> 0 | BG11: =交易记录!D749 -> 0 | BH11: =IFERROR((BG11-$G11)*BF11,0) -> 0 | BI11: =交易记录!D782 -> 0 | BJ11: =交易记录!D813 -> 0 | BK11: =IFERROR((BJ11-$G11)*BI11,0) -> 0 | BL11: =交易记录!D846 -> 0 | BM11: =交易记录!D877 -> 0 | BN11: =IFERROR((BM11-$G11)*BL11,0) -> 0 | BO11: =交易记录!D910 -> 0 | BP11: =交易记录!D941 -> 0 | BQ11: =IFERROR((BP11-$G11)*BO11,0) -> 0
A12: ='维护-日期'!A$3 -> 46266 | B12: 10:00-11:00 | C12: =D12 -> 21.01 | D12: =ROUND(INDEX(持仓数据!$C$3:$AG$26,MATCH('计算过程-数据汇总'!B12,持仓数据!$B$3:$B$26,0),MATCH('计算过程-数据汇总'!A12,'维护-日期'!$B$2:$AF$2,0)),3) -> 21.01 | E12: =D12*1 -> 21.01 | F12: =持仓数据!C82 -> 0.284 | G12: 372 | H12: 372 | I12: 0 | J12: 0 | K12: =IF(持仓数据!C115="",0,持仓数据!C115) -> 372 | L12: =I12*J12 -> 0 | M12: =IFERROR(C12*G12,0) -> 7815.72 | N12: =IFERROR((D12-C12)*(G12-H12),0) -> 0 | O12: =IFERROR((E12-D12)*(G12-H12),0) -> 0 | P12: =IFERROR(F12*(K12-G12),0) -> 0 | Q12: =IFERROR(IF(ABS((E12-C12)/C12)>0.2,IF(SUM(N12:O12)<0,ABS(G12-H12)*(ABS(C12-E12)-C12*0.2),0),0),IF(SUM(N12:O12)<0,ABS(G12-H12)*(ABS(C12-E12)-C12*0.2),0)) -> 0 | R12: =IFERROR(K12*C12,0) -> 7815.72 | S12: =IFERROR((D12-E12)*(K12-G12),0) -> 0 | T12: =IFERROR((F12-D12)*(K12-G12),0) -> 0 | U12: =IFERROR((D12-C12)*(K12-H12),0) -> 0 | V12: =IFERROR((E12-D12)*(K12-H12),0) -> 0 | X12: =ROUND(D12*1.2-SUM(Y12,AB12,AE12,AH12,AK12,AN12,AQ12,AT12,AW12,AZ12,BC12,BF12,BI12,BL12,BO12),3) -> 24.928 | Y12: =交易记录!D15 -> 0.284 | Z12: =交易记录!D46 -> 372 | AA12: =IFERROR((Z12-G12)*Y12,0) -> 0 | AB12: =交易记录!D79 -> 0 | AC12: =交易记录!D110 -> 0 | AD12: =IFERROR((AC12-$G12)*AB12,0) -> 0 | AE12: =交易记录!D143 -> 0 | AF12: =交易记录!D174 -> 0 | AG12: =IFERROR((AF12-$G12)*AE12,0) -> 0 | AH12: =交易记录!D207 -> 0 | AI12: =交易记录!D238 -> 0 | AJ12: =IFERROR((AI12-$G12)*AH12,0) -> 0 | AK12: =交易记录!D271 -> 0 | AL12: =交易记录!D302 -> 0 | AM12: =IFERROR((AL12-$G12)*AK12,0) -> 0 | AN12: =交易记录!D335 -> 0 | AO12: =交易记录!D366 -> 0 | AP12: =IFERROR((AO12-$G12)*AN12,0) -> 0 | AQ12: =交易记录!D399 -> 0 | AR12: =交易记录!D430 -> 0 | AS12: =IFERROR((AR12-$G12)*AQ12,0) -> 0 | AT12: =交易记录!D463 -> 0 | AU12: =交易记录!D494 -> 0 | AV12: =IFERROR((AU12-$G12)*AT12,0) -> 0 | AW12: =交易记录!D527 -> 0 | AX12: =交易记录!D558 -> 0 | AY12: =IFERROR((AX12-$G12)*AW12,0) -> 0 | AZ12: =交易记录!D591 -> 0 | BA12: =交易记录!D622 -> 0 | BB12: =IFERROR((BA12-$G12)*AZ12,0) -> 0 | BC12: =交易记录!D655 -> 0 | BD12: =交易记录!D686 -> 0 | BE12: =IFERROR((BD12-$G12)*BC12,0) -> 0 | BF12: =交易记录!D719 -> 0 | BG12: =交易记录!D750 -> 0 | BH12: =IFERROR((BG12-$G12)*BF12,0) -> 0 | BI12: =交易记录!D783 -> 0 | BJ12: =交易记录!D814 -> 0 | BK12: =IFERROR((BJ12-$G12)*BI12,0) -> 0 | BL12: =交易记录!D847 -> 0 | BM12: =交易记录!D878 -> 0 | BN12: =IFERROR((BM12-$G12)*BL12,0) -> 0 | BO12: =交易记录!D911 -> 0 | BP12: =交易记录!D942 -> 0 | BQ12: =IFERROR((BP12-$G12)*BO12,0) -> 0
A13: ='维护-日期'!A$3 -> 46266 | B13: 11:00-12:00 | C13: =D13 -> 21.329 | D13: =ROUND(INDEX(持仓数据!$C$3:$AG$26,MATCH('计算过程-数据汇总'!B13,持仓数据!$B$3:$B$26,0),MATCH('计算过程-数据汇总'!A13,'维护-日期'!$B$2:$AF$2,0)),3) -> 21.329 | E13: =D13*1 -> 21.329 | F13: =持仓数据!C83 -> 0.284 | G13: 372 | H13: 372 | I13: 0 | J13: 0 | K13: =IF(持仓数据!C116="",0,持仓数据!C116) -> 372 | L13: =I13*J13 -> 0 | M13: =IFERROR(C13*G13,0) -> 7934.388 | N13: =IFERROR((D13-C13)*(G13-H13),0) -> 0 | O13: =IFERROR((E13-D13)*(G13-H13),0) -> 0 | P13: =IFERROR(F13*(K13-G13),0) -> 0 | Q13: =IFERROR(IF(ABS((E13-C13)/C13)>0.2,IF(SUM(N13:O13)<0,ABS(G13-H13)*(ABS(C13-E13)-C13*0.2),0),0),IF(SUM(N13:O13)<0,ABS(G13-H13)*(ABS(C13-E13)-C13*0.2),0)) -> 0 | R13: =IFERROR(K13*C13,0) -> 7934.388 | S13: =IFERROR((D13-E13)*(K13-G13),0) -> 0 | T13: =IFERROR((F13-D13)*(K13-G13),0) -> 0 | U13: =IFERROR((D13-C13)*(K13-H13),0) -> 0 | V13: =IFERROR((E13-D13)*(K13-H13),0) -> 0 | X13: =ROUND(D13*1.2-SUM(Y13,AB13,AE13,AH13,AK13,AN13,AQ13,AT13,AW13,AZ13,BC13,BF13,BI13,BL13,BO13),3) -> 25.311 | Y13: =交易记录!D16 -> 0.284 | Z13: =交易记录!D47 -> 372 | AA13: =IFERROR((Z13-G13)*Y13,0) -> 0 | AB13: =交易记录!D80 -> 0 | AC13: =交易记录!D111 -> 0 | AD13: =IFERROR((AC13-$G13)*AB13,0) -> 0 | AE13: =交易记录!D144 -> 0 | AF13: =交易记录!D175 -> 0 | AG13: =IFERROR((AF13-$G13)*AE13,0) -> 0 | AH13: =交易记录!D208 -> 0 | AI13: =交易记录!D239 -> 0 | AJ13: =IFERROR((AI13-$G13)*AH13,0) -> 0 | AK13: =交易记录!D272 -> 0 | AL13: =交易记录!D303 -> 0 | AM13: =IFERROR((AL13-$G13)*AK13,0) -> 0 | AN13: =交易记录!D336 -> 0 | AO13: =交易记录!D367 -> 0 | AP13: =IFERROR((AO13-$G13)*AN13,0) -> 0 | AQ13: =交易记录!D400 -> 0 | AR13: =交易记录!D431 -> 0 | AS13: =IFERROR((AR13-$G13)*AQ13,0) -> 0 | AT13: =交易记录!D464 -> 0 | AU13: =交易记录!D495 -> 0 | AV13: =IFERROR((AU13-$G13)*AT13,0) -> 0 | AW13: =交易记录!D528 -> 0 | AX13: =交易记录!D559 -> 0 | AY13: =IFERROR((AX13-$G13)*AW13,0) -> 0 | AZ13: =交易记录!D592 -> 0 | BA13: =交易记录!D623 -> 0 | BB13: =IFERROR((BA13-$G13)*AZ13,0) -> 0 | BC13: =交易记录!D656 -> 0 | BD13: =交易记录!D687 -> 0 | BE13: =IFERROR((BD13-$G13)*BC13,0) -> 0 | BF13: =交易记录!D720 -> 0 | BG13: =交易记录!D751 -> 0 | BH13: =IFERROR((BG13-$G13)*BF13,0) -> 0 | BI13: =交易记录!D784 -> 0 | BJ13: =交易记录!D815 -> 0 | BK13: =IFERROR((BJ13-$G13)*BI13,0) -> 0 | BL13: =交易记录!D848 -> 0 | BM13: =交易记录!D879 -> 0 | BN13: =IFERROR((BM13-$G13)*BL13,0) -> 0 | BO13: =交易记录!D912 -> 0 | BP13: =交易记录!D943 -> 0 | BQ13: =IFERROR((BP13-$G13)*BO13,0) -> 0
... A25: ='维护-日期'!A$3 -> 46266 | B25: 23:00-24:00 | C25: =D25 -> 16.963 | D25: =ROUND(INDEX(持仓数据!$C$3:$AG$26,MATCH('计算过程-数据汇总'!B25,持仓数据!$B$3:$B$26,0),MATCH('计算过程-数据汇总'!A25,'维护-日期'!$B$2:$AF$2,0)),3) -> 16.963 | E25: =D25*1 -> 16.963 | F25: =持仓数据!C95 -> 0.318 | G25: 372 | H25: 372 | I25: 0 | J25: 0 | K25: =IF(持仓数据!C128="",0,持仓数据!C128) -> 372 | L25: =I25*J25 -> 0 | M25: =IFERROR(C25*G25,0) -> 6310.236 | N25: =IFERROR((D25-C25)*(G25-H25),0) -> 0 | O25: =IFERROR((E25-D25)*(G25-H25),0) -> 0 | P25: =IFERROR(F25*(K25-G25),0) -> 0 | Q25: =IFERROR(IF(ABS((E25-C25)/C25)>0.2,IF(SUM(N25:O25)<0,ABS(G25-H25)*(ABS(C25-E25)-C25*0.2),0),0),IF(SUM(N25:O25)<0,ABS(G25-H25)*(ABS(C25-E25)-C25*0.2),0)) -> 0 | R25: =IFERROR(K25*C25,0) -> 6310.236 | S25: =IFERROR((D25-E25)*(K25-G25),0) -> 0 | T25: =IFERROR((F25-D25)*(K25-G25),0) -> 0 | U25: =IFERROR((D25-C25)*(K25-H25),0) -> 0 | V25: =IFERROR((E25-D25)*(K25-H25),0) -> 0 | X25: =ROUND(D25*1.2-SUM(Y25,AB25,AE25,AH25,AK25,AN25,AQ25,AT25,AW25,AZ25,BC25,BF25,BI25,BL25,BO25),3) -> 20.038 | Y25: =交易记录!D28 -> 0.318 | Z25: =交易记录!D59 -> 372 | AA25: =IFERROR((Z25-G25)*Y25,0) -> 0 | AB25: =交易记录!D92 -> 0 | AC25: =交易记录!D123 -> 0 | AD25: =IFERROR((AC25-$G25)*AB25,0) -> 0 | AE25: =交易记录!D156 -> 0 | AF25: =交易记录!D187 -> 0 | AG25: =IFERROR((AF25-$G25)*AE25,0) -> 0 | AH25: =交易记录!D220 -> 0 | AI25: =交易记录!D251 -> 0 | AJ25: =IFERROR((AI25-$G25)*AH25,0) -> 0 | AK25: =交易记录!D284 -> 0 | AL25: =交易记录!D315 -> 0 | AM25: =IFERROR((AL25-$G25)*AK25,0) -> 0 | AN25: =交易记录!D348 -> 0 | AO25: =交易记录!D379 -> 0 | AP25: =IFERROR((AO25-$G25)*AN25,0) -> 0 | AQ25: =交易记录!D412 -> 0 | AR25: =交易记录!D443 -> 0 | AS25: =IFERROR((AR25-$G25)*AQ25,0) -> 0 | AT25: =交易记录!D476 -> 0 | AU25: =交易记录!D507 -> 0 | AV25: =IFERROR((AU25-$G25)*AT25,0) -> 0 | AW25: =交易记录!D540 -> 0 | AX25: =交易记录!D571 -> 0 | AY25: =IFERROR((AX25-$G25)*AW25,0) -> 0 | AZ25: =交易记录!D604 -> 0 | BA25: =交易记录!D635 -> 0 | BB25: =IFERROR((BA25-$G25)*AZ25,0) -> 0 | BC25: =交易记录!D668 -> 0 | BD25: =交易记录!D699 -> 0 | BE25: =IFERROR((BD25-$G25)*BC25,0) -> 0 | BF25: =交易记录!D732 -> 0 | BG25: =交易记录!D763 -> 0 | BH25: =IFERROR((BG25-$G25)*BF25,0) -> 0 | BI25: =交易记录!D796 -> 0 | BJ25: =交易记录!D827 -> 0 | BK25: =IFERROR((BJ25-$G25)*BI25,0) -> 0 | BL25: =交易记录!D860 -> 0 | BM25: =交易记录!D891 -> 0 | BN25: =IFERROR((BM25-$G25)*BL25,0) -> 0 | BO25: =交易记录!D924 -> 0 | BP25: =交易记录!D955 -> 0 | BQ25: =IFERROR((BP25-$G25)*BO25,0) -> 0
A26: ='维护-日期'!A$4 -> 46267 | B26: 00:00-01:00 | C26: =D26 -> 16.656 | D26: =ROUND(INDEX(持仓数据!$C$3:$AG$26,MATCH('计算过程-数据汇总'!B26,持仓数据!$B$3:$B$26,0),MATCH('计算过程-数据汇总'!A26,'维护-日期'!$B$2:$AF$2,0)),3) -> 16.656 | E26: =D26*1 -> 16.656 | F26: =持仓数据!D72 -> 0.397 | G26: 372 | H26: 372 | I26: 0 | J26: 0 | K26: =IF(持仓数据!D105="",0,持仓数据!D105) -> 372 | L26: =I26*J26 -> 0 | M26: =IFERROR(C26*G26,0) -> 6196.032 | N26: =IFERROR((D26-C26)*(G26-H26),0) -> 0 | O26: =IFERROR((E26-D26)*(G26-H26),0) -> 0 | P26: =IFERROR(F26*(K26-G26),0) -> 0 | Q26: =IFERROR(IF(ABS((E26-C26)/C26)>0.2,IF(SUM(N26:O26)<0,ABS(G26-H26)*(ABS(C26-E26)-C26*0.2),0),0),IF(SUM(N26:O26)<0,ABS(G26-H26)*(ABS(C26-E26)-C26*0.2),0)) -> 0 | R26: =IFERROR(K26*C26,0) -> 6196.032 | S26: =IFERROR((D26-E26)*(K26-G26),0) -> 0 | T26: =IFERROR((F26-D26)*(K26-G26),0) -> 0 | U26: =IFERROR((D26-C26)*(K26-H26),0) -> 0 | V26: =IFERROR((E26-D26)*(K26-H26),0) -> 0 | X26: =ROUND(D26*1.2-SUM(Y26,AB26,AE26,AH26,AK26,AN26,AQ26,AT26,AW26,AZ26,BC26,BF26,BI26,BL26,BO26),3) -> 19.59 | Y26: =交易记录!E5 -> 0.397 | Z26: =交易记录!D36 -> 372 | AA26: =IFERROR((Z26-G26)*Y26,0) -> 0 | AB26: =交易记录!E69 -> 0 | AC26: =交易记录!E100 -> 0 | AD26: =IFERROR((AC26-$G26)*AB26,0) -> 0 | AE26: =交易记录!E133 -> 0 | AF26: =交易记录!E164 -> 0 | AG26: =IFERROR((AF26-$G26)*AE26,0) -> 0 | AH26: =交易记录!E197 -> 0 | AI26: =交易记录!E228 -> 0 | AJ26: =IFERROR((AI26-$G26)*AH26,0) -> 0 | AK26: =交易记录!E261 -> 0 | AL26: =交易记录!E292 -> 0 | AM26: =IFERROR((AL26-$G26)*AK26,0) -> 0 | AN26: =交易记录!E325 -> 0 | AO26: =交易记录!E356 -> 0 | AP26: =IFERROR((AO26-$G26)*AN26,0) -> 0 | AQ26: =交易记录!E389 -> 0 | AR26: =交易记录!D420 -> 0 | AS26: =IFERROR((AR26-$G26)*AQ26,0) -> 0 | AT26: =交易记录!E453 -> 0 | AU26: =交易记录!D484 -> 0 | AV26: =IFERROR((AU26-$G26)*AT26,0) -> 0 | AW26: =交易记录!E517 -> 0 | AX26: =交易记录!D548 -> 0 | AY26: =IFERROR((AX26-$G26)*AW26,0) -> 0 | AZ26: =交易记录!E581 -> 0 | BA26: =交易记录!D612 -> 0 | BB26: =IFERROR((BA26-$G26)*AZ26,0) -> 0 | BC26: =交易记录!E645 -> 0 | BD26: =交易记录!D676 -> 0 | BE26: =IFERROR((BD26-$G26)*BC26,0) -> 0 | BF26: =交易记录!E709 -> 0 | BG26: =交易记录!D740 -> 0 | BH26: =IFERROR((BG26-$G26)*BF26,0) -> 0 | BI26: =交易记录!E773 -> 0 | BJ26: =交易记录!D804 -> 0 | BK26: =IFERROR((BJ26-$G26)*BI26,0) -> 0 | BL26: =交易记录!E837 -> 0 | BM26: =交易记录!D868 -> 0 | BN26: =IFERROR((BM26-$G26)*BL26,0) -> 0 | BO26: =交易记录!E901 -> 0 | BP26: =交易记录!D932 -> 0 | BQ26: =IFERROR((BP26-$G26)*BO26,0) -> 0
A27: ='维护-日期'!A$4 -> 46267 | B27: 01:00-02:00 | C27: =D27 -> 15.792 | D27: =ROUND(INDEX(持仓数据!$C$3:$AG$26,MATCH('计算过程-数据汇总'!B27,持仓数据!$B$3:$B$26,0),MATCH('计算过程-数据汇总'!A27,'维护-日期'!$B$2:$AF$2,0)),3) -> 15.792 | E27: =D27*1 -> 15.792 | F27: =持仓数据!D73 -> 0.265 | G27: 372 | H27: 372 | I27: 0 | J27: 0 | K27: =IF(持仓数据!D106="",0,持仓数据!D106) -> 372 | L27: =I27*J27 -> 0 | M27: =IFERROR(C27*G27,0) -> 5874.624 | N27: =IFERROR((D27-C27)*(G27-H27),0) -> 0 | O27: =IFERROR((E27-D27)*(G27-H27),0) -> 0 | P27: =IFERROR(F27*(K27-G27),0) -> 0 | Q27: =IFERROR(IF(ABS((E27-C27)/C27)>0.2,IF(SUM(N27:O27)<0,ABS(G27-H27)*(ABS(C27-E27)-C27*0.2),0),0),IF(SUM(N27:O27)<0,ABS(G27-H27)*(ABS(C27-E27)-C27*0.2),0)) -> 0 | R27: =IFERROR(K27*C27,0) -> 5874.624 | S27: =IFERROR((D27-E27)*(K27-G27),0) -> 0 | T27: =IFERROR((F27-D27)*(K27-G27),0) -> 0 | U27: =IFERROR((D27-C27)*(K27-H27),0) -> 0 | V27: =IFERROR((E27-D27)*(K27-H27),0) -> 0 | X27: =ROUND(D27*1.2-SUM(Y27,AB27,AE27,AH27,AK27,AN27,AQ27,AT27,AW27,AZ27,BC27,BF27,BI27,BL27,BO27),3) -> 18.685 | Y27: =交易记录!E6 -> 0.265 | Z27: =交易记录!D37 -> 372 | AA27: =IFERROR((Z27-G27)*Y27,0) -> 0 | AB27: =交易记录!E70 -> 0 | AC27: =交易记录!E101 -> 0 | AD27: =IFERROR((AC27-$G27)*AB27,0) -> 0 | AE27: =交易记录!E134 -> 0 | AF27: =交易记录!E165 -> 0 | AG27: =IFERROR((AF27-$G27)*AE27,0) -> 0 | AH27: =交易记录!E198 -> 0 | AI27: =交易记录!E229 -> 0 | AJ27: =IFERROR((AI27-$G27)*AH27,0) -> 0 | AK27: =交易记录!E262 -> 0 | AL27: =交易记录!E293 -> 0 | AM27: =IFERROR((AL27-$G27)*AK27,0) -> 0 | AN27: =交易记录!E326 -> 0 | AO27: =交易记录!E357 -> 0 | AP27: =IFERROR((AO27-$G27)*AN27,0) -> 0 | AQ27: =交易记录!E390 -> 0 | AR27: =交易记录!D421 -> 0 | AS27: =IFERROR((AR27-$G27)*AQ27,0) -> 0 | AT27: =交易记录!E454 -> 0 | AU27: =交易记录!D485 -> 0 | AV27: =IFERROR((AU27-$G27)*AT27,0) -> 0 | AW27: =交易记录!E518 -> 0 | AX27: =交易记录!D549 -> 0 | AY27: =IFERROR((AX27-$G27)*AW27,0) -> 0 | AZ27: =交易记录!E582 -> 0 | BA27: =交易记录!D613 -> 0 | BB27: =IFERROR((BA27-$G27)*AZ27,0) -> 0 | BC27: =交易记录!E646 -> 0 | BD27: =交易记录!D677 -> 0 | BE27: =IFERROR((BD27-$G27)*BC27,0) -> 0 | BF27: =交易记录!E710 -> 0 | BG27: =交易记录!D741 -> 0 | BH27: =IFERROR((BG27-$G27)*BF27,0) -> 0 | BI27: =交易记录!E774 -> 0 | BJ27: =交易记录!D805 -> 0 | BK27: =IFERROR((BJ27-$G27)*BI27,0) -> 0 | BL27: =交易记录!E838 -> 0 | BM27: =交易记录!D869 -> 0 | BN27: =IFERROR((BM27-$G27)*BL27,0) -> 0 | BO27: =交易记录!E902 -> 0 | BP27: =交易记录!D933 -> 0 | BQ27: =IFERROR((BP27-$G27)*BO27,0) -> 0
A28: ='维护-日期'!A$4 -> 46267 | B28: 02:00-03:00 | C28: =D28 -> 14.822 | D28: =ROUND(INDEX(持仓数据!$C$3:$AG$26,MATCH('计算过程-数据汇总'!B28,持仓数据!$B$3:$B$26,0),MATCH('计算过程-数据汇总'!A28,'维护-日期'!$B$2:$AF$2,0)),3) -> 14.822 | E28: =D28*1 -> 14.822 | F28: =持仓数据!D74 -> 0.242 | G28: 372 | H28: 372 | I28: 0 | J28: 0 | K28: =IF(持仓数据!D107="",0,持仓数据!D107) -> 372 | L28: =I28*J28 -> 0 | M28: =IFERROR(C28*G28,0) -> 5513.784 | N28: =IFERROR((D28-C28)*(G28-H28),0) -> 0 | O28: =IFERROR((E28-D28)*(G28-H28),0) -> 0 | P28: =IFERROR(F28*(K28-G28),0) -> 0 | Q28: =IFERROR(IF(ABS((E28-C28)/C28)>0.2,IF(SUM(N28:O28)<0,ABS(G28-H28)*(ABS(C28-E28)-C28*0.2),0),0),IF(SUM(N28:O28)<0,ABS(G28-H28)*(ABS(C28-E28)-C28*0.2),0)) -> 0 | R28: =IFERROR(K28*C28,0) -> 5513.784 | S28: =IFERROR((D28-E28)*(K28-G28),0) -> 0 | T28: =IFERROR((F28-D28)*(K28-G28),0) -> 0 | U28: =IFERROR((D28-C28)*(K28-H28),0) -> 0 | V28: =IFERROR((E28-D28)*(K28-H28),0) -> 0 | X28: =ROUND(D28*1.2-SUM(Y28,AB28,AE28,AH28,AK28,AN28,AQ28,AT28,AW28,AZ28,BC28,BF28,BI28,BL28,BO28),3) -> 17.544 | Y28: =交易记录!E7 -> 0.242 | Z28: =交易记录!D38 -> 372 | AA28: =IFERROR((Z28-G28)*Y28,0) -> 0 | AB28: =交易记录!E71 -> 0 | AC28: =交易记录!E102 -> 0 | AD28: =IFERROR((AC28-$G28)*AB28,0) -> 0 | AE28: =交易记录!E135 -> 0 | AF28: =交易记录!E166 -> 0 | AG28: =IFERROR((AF28-$G28)*AE28,0) -> 0 | AH28: =交易记录!E199 -> 0 | AI28: =交易记录!E230 -> 0 | AJ28: =IFERROR((AI28-$G28)*AH28,0) -> 0 | AK28: =交易记录!E263 -> 0 | AL28: =交易记录!E294 -> 0 | AM28: =IFERROR((AL28-$G28)*AK28,0) -> 0 | AN28: =交易记录!E327 -> 0 | AO28: =交易记录!E358 -> 0 | AP28: =IFERROR((AO28-$G28)*AN28,0) -> 0 | AQ28: =交易记录!E391 -> 0 | AR28: =交易记录!D422 -> 0 | AS28: =IFERROR((AR28-$G28)*AQ28,0) -> 0 | AT28: =交易记录!E455 -> 0 | AU28: =交易记录!D486 -> 0 | AV28: =IFERROR((AU28-$G28)*AT28,0) -> 0 | AW28: =交易记录!E519 -> 0 | AX28: =交易记录!D550 -> 0 | AY28: =IFERROR((AX28-$G28)*AW28,0) -> 0 | AZ28: =交易记录!E583 -> 0 | BA28: =交易记录!D614 -> 0 | BB28: =IFERROR((BA28-$G28)*AZ28,0) -> 0 | BC28: =交易记录!E647 -> 0 | BD28: =交易记录!D678 -> 0 | BE28: =IFERROR((BD28-$G28)*BC28,0) -> 0 | BF28: =交易记录!E711 -> 0 | BG28: =交易记录!D742 -> 0 | BH28: =IFERROR((BG28-$G28)*BF28,0) -> 0 | BI28: =交易记录!E775 -> 0 | BJ28: =交易记录!D806 -> 0 | BK28: =IFERROR((BJ28-$G28)*BI28,0) -> 0 | BL28: =交易记录!E839 -> 0 | BM28: =交易记录!D870 -> 0 | BN28: =IFERROR((BM28-$G28)*BL28,0) -> 0 | BO28: =交易记录!E903 -> 0 | BP28: =交易记录!D934 -> 0 | BQ28: =IFERROR((BP28-$G28)*BO28,0) -> 0
A29: ='维护-日期'!A$4 -> 46267 | B29: 03:00-04:00 | C29: =D29 -> 13.817 | D29: =ROUND(INDEX(持仓数据!$C$3:$AG$26,MATCH('计算过程-数据汇总'!B29,持仓数据!$B$3:$B$26,0),MATCH('计算过程-数据汇总'!A29,'维护-日期'!$B$2:$AF$2,0)),3) -> 13.817 | E29: =D29*1 -> 13.817 | F29: =持仓数据!D75 -> 0.09 | G29: 372 | H29: 372 | I29: 0 | J29: 0 | K29: =IF(持仓数据!D108="",0,持仓数据!D108) -> 372 | L29: =I29*J29 -> 0 | M29: =IFERROR(C29*G29,0) -> 5139.924 | N29: =IFERROR((D29-C29)*(G29-H29),0) -> 0 | O29: =IFERROR((E29-D29)*(G29-H29),0) -> 0 | P29: =IFERROR(F29*(K29-G29),0) -> 0 | Q29: =IFERROR(IF(ABS((E29-C29)/C29)>0.2,IF(SUM(N29:O29)<0,ABS(G29-H29)*(ABS(C29-E29)-C29*0.2),0),0),IF(SUM(N29:O29)<0,ABS(G29-H29)*(ABS(C29-E29)-C29*0.2),0)) -> 0 | R29: =IFERROR(K29*C29,0) -> 5139.924 | S29: =IFERROR((D29-E29)*(K29-G29),0) -> 0 | T29: =IFERROR((F29-D29)*(K29-G29),0) -> 0 | U29: =IFERROR((D29-C29)*(K29-H29),0) -> 0 | V29: =IFERROR((E29-D29)*(K29-H29),0) -> 0 | X29: =ROUND(D29*1.2-SUM(Y29,AB29,AE29,AH29,AK29,AN29,AQ29,AT29,AW29,AZ29,BC29,BF29,BI29,BL29,BO29),3) -> 16.49 | Y29: =交易记录!E8 -> 0.09 | Z29: =交易记录!D39 -> 372 | AA29: =IFERROR((Z29-G29)*Y29,0) -> 0 | AB29: =交易记录!E72 -> 0 | AC29: =交易记录!E103 -> 0 | AD29: =IFERROR((AC29-$G29)*AB29,0) -> 0 | AE29: =交易记录!E136 -> 0 | AF29: =交易记录!E167 -> 0 | AG29: =IFERROR((AF29-$G29)*AE29,0) -> 0 | AH29: =交易记录!E200 -> 0 | AI29: =交易记录!E231 -> 0 | AJ29: =IFERROR((AI29-$G29)*AH29,0) -> 0 | AK29: =交易记录!E264 -> 0 | AL29: =交易记录!E295 -> 0 | AM29: =IFERROR((AL29-$G29)*AK29,0) -> 0 | AN29: =交易记录!E328 -> 0 | AO29: =交易记录!E359 -> 0 | AP29: =IFERROR((AO29-$G29)*AN29,0) -> 0 | AQ29: =交易记录!E392 -> 0 | AR29: =交易记录!D423 -> 0 | AS29: =IFERROR((AR29-$G29)*AQ29,0) -> 0 | AT29: =交易记录!E456 -> 0 | AU29: =交易记录!D487 -> 0 | AV29: =IFERROR((AU29-$G29)*AT29,0) -> 0 | AW29: =交易记录!E520 -> 0 | AX29: =交易记录!D551 -> 0 | AY29: =IFERROR((AX29-$G29)*AW29,0) -> 0 | AZ29: =交易记录!E584 -> 0 | BA29: =交易记录!D615 -> 0 | BB29: =IFERROR((BA29-$G29)*AZ29,0) -> 0 | BC29: =交易记录!E648 -> 0 | BD29: =交易记录!D679 -> 0 | BE29: =IFERROR((BD29-$G29)*BC29,0) -> 0 | BF29: =交易记录!E712 -> 0 | BG29: =交易记录!D743 -> 0 | BH29: =IFERROR((BG29-$G29)*BF29,0) -> 0 | BI29: =交易记录!E776 -> 0 | BJ29: =交易记录!D807 -> 0 | BK29: =IFERROR((BJ29-$G29)*BI29,0) -> 0 | BL29: =交易记录!E840 -> 0 | BM29: =交易记录!D871 -> 0 | BN29: =IFERROR((BM29-$G29)*BL29,0) -> 0 | BO29: =交易记录!E904 -> 0 | BP29: =交易记录!D935 -> 0 | BQ29: =IFERROR((BP29-$G29)*BO29,0) -> 0
A30: ='维护-日期'!A$4 -> 46267 | B30: 04:00-05:00 | C30: =D30 -> 13.388 | D30: =ROUND(INDEX(持仓数据!$C$3:$AG$26,MATCH('计算过程-数据汇总'!B30,持仓数据!$B$3:$B$26,0),MATCH('计算过程-数据汇总'!A30,'维护-日期'!$B$2:$AF$2,0)),3) -> 13.388 | E30: =D30*1 -> 13.388 | F30: =持仓数据!D76 -> 0.087 | G30: 372 | H30: 372 | I30: 0 | J30: 0 | K30: =IF(持仓数据!D109="",0,持仓数据!D109) -> 372 | L30: =I30*J30 -> 0 | M30: =IFERROR(C30*G30,0) -> 4980.336 | N30: =IFERROR((D30-C30)*(G30-H30),0) -> 0 | O30: =IFERROR((E30-D30)*(G30-H30),0) -> 0 | P30: =IFERROR(F30*(K30-G30),0) -> 0 | Q30: =IFERROR(IF(ABS((E30-C30)/C30)>0.2,IF(SUM(N30:O30)<0,ABS(G30-H30)*(ABS(C30-E30)-C30*0.2),0),0),IF(SUM(N30:O30)<0,ABS(G30-H30)*(ABS(C30-E30)-C30*0.2),0)) -> 0 | R30: =IFERROR(K30*C30,0) -> 4980.336 | S30: =IFERROR((D30-E30)*(K30-G30),0) -> 0 | T30: =IFERROR((F30-D30)*(K30-G30),0) -> 0 | U30: =IFERROR((D30-C30)*(K30-H30),0) -> 0 | V30: =IFERROR((E30-D30)*(K30-H30),0) -> 0 | X30: =ROUND(D30*1.2-SUM(Y30,AB30,AE30,AH30,AK30,AN30,AQ30,AT30,AW30,AZ30,BC30,BF30,BI30,BL30,BO30),3) -> 15.979 | Y30: =交易记录!E9 -> 0.087 | Z30: =交易记录!D40 -> 372 | AA30: =IFERROR((Z30-G30)*Y30,0) -> 0 | AB30: =交易记录!E73 -> 0 | AC30: =交易记录!E104 -> 0 | AD30: =IFERROR((AC30-$G30)*AB30,0) -> 0 | AE30: =交易记录!E137 -> 0 | AF30: =交易记录!E168 -> 0 | AG30: =IFERROR((AF30-$G30)*AE30,0) -> 0 | AH30: =交易记录!E201 -> 0 | AI30: =交易记录!E232 -> 0 | AJ30: =IFERROR((AI30-$G30)*AH30,0) -> 0 | AK30: =交易记录!E265 -> 0 | AL30: =交易记录!E296 -> 0 | AM30: =IFERROR((AL30-$G30)*AK30,0) -> 0 | AN30: =交易记录!E329 -> 0 | AO30: =交易记录!E360 -> 0 | AP30: =IFERROR((AO30-$G30)*AN30,0) -> 0 | AQ30: =交易记录!E393 -> 0 | AR30: =交易记录!D424 -> 0 | AS30: =IFERROR((AR30-$G30)*AQ30,0) -> 0 | AT30: =交易记录!E457 -> 0 | AU30: =交易记录!D488 -> 0 | AV30: =IFERROR((AU30-$G30)*AT30,0) -> 0 | AW30: =交易记录!E521 -> 0 | AX30: =交易记录!D552 -> 0 | AY30: =IFERROR((AX30-$G30)*AW30,0) -> 0 | AZ30: =交易记录!E585 -> 0 | BA30: =交易记录!D616 -> 0 | BB30: =IFERROR((BA30-$G30)*AZ30,0) -> 0 | BC30: =交易记录!E649 -> 0 | BD30: =交易记录!D680 -> 0 | BE30: =IFERROR((BD30-$G30)*BC30,0) -> 0 | BF30: =交易记录!E713 -> 0 | BG30: =交易记录!D744 -> 0 | BH30: =IFERROR((BG30-$G30)*BF30,0) -> 0 | BI30: =交易记录!E777 -> 0 | BJ30: =交易记录!D808 -> 0 | BK30: =IFERROR((BJ30-$G30)*BI30,0) -> 0 | BL30: =交易记录!E841 -> 0 | BM30: =交易记录!D872 -> 0 | BN30: =IFERROR((BM30-$G30)*BL30,0) -> 0 | BO30: =交易记录!E905 -> 0 | BP30: =交易记录!D936 -> 0 | BQ30: =IFERROR((BP30-$G30)*BO30,0) -> 0
A31: ='维护-日期'!A$4 -> 46267 | B31: 05:00-06:00 | C31: =D31 -> 13.087 | D31: =ROUND(INDEX(持仓数据!$C$3:$AG$26,MATCH('计算过程-数据汇总'!B31,持仓数据!$B$3:$B$26,0),MATCH('计算过程-数据汇总'!A31,'维护-日期'!$B$2:$AF$2,0)),3) -> 13.087 | E31: =D31*1 -> 13.087 | F31: =持仓数据!D77 -> 0.087 | G31: 372 | H31: 372 | I31: 0 | J31: 0 | K31: =IF(持仓数据!D110="",0,持仓数据!D110) -> 372 | L31: =I31*J31 -> 0 | M31: =IFERROR(C31*G31,0) -> 4868.364 | N31: =IFERROR((D31-C31)*(G31-H31),0) -> 0 | O31: =IFERROR((E31-D31)*(G31-H31),0) -> 0 | P31: =IFERROR(F31*(K31-G31),0) -> 0 | Q31: =IFERROR(IF(ABS((E31-C31)/C31)>0.2,IF(SUM(N31:O31)<0,ABS(G31-H31)*(ABS(C31-E31)-C31*0.2),0),0),IF(SUM(N31:O31)<0,ABS(G31-H31)*(ABS(C31-E31)-C31*0.2),0)) -> 0 | R31: =IFERROR(K31*C31,0) -> 4868.364 | S31: =IFERROR((D31-E31)*(K31-G31),0) -> 0 | T31: =IFERROR((F31-D31)*(K31-G31),0) -> 0 | U31: =IFERROR((D31-C31)*(K31-H31),0) -> 0 | V31: =IFERROR((E31-D31)*(K31-H31),0) -> 0 | X31: =ROUND(D31*1.2-SUM(Y31,AB31,AE31,AH31,AK31,AN31,AQ31,AT31,AW31,AZ31,BC31,BF31,BI31,BL31,BO31),3) -> 15.617 | Y31: =交易记录!E10 -> 0.087 | Z31: =交易记录!D41 -> 372 | AA31: =IFERROR((Z31-G31)*Y31,0) -> 0 | AB31: =交易记录!E74 -> 0 | AC31: =交易记录!E105 -> 0 | AD31: =IFERROR((AC31-$G31)*AB31,0) -> 0 | AE31: =交易记录!E138 -> 0 | AF31: =交易记录!E169 -> 0 | AG31: =IFERROR((AF31-$G31)*AE31,0) -> 0 | AH31: =交易记录!E202 -> 0 | AI31: =交易记录!E233 -> 0 | AJ31: =IFERROR((AI31-$G31)*AH31,0) -> 0 | AK31: =交易记录!E266 -> 0 | AL31: =交易记录!E297 -> 0 | AM31: =IFERROR((AL31-$G31)*AK31,0) -> 0 | AN31: =交易记录!E330 -> 0 | AO31: =交易记录!E361 -> 0 | AP31: =IFERROR((AO31-$G31)*AN31,0) -> 0 | AQ31: =交易记录!E394 -> 0 | AR31: =交易记录!D425 -> 0 | AS31: =IFERROR((AR31-$G31)*AQ31,0) -> 0 | AT31: =交易记录!E458 -> 0 | AU31: =交易记录!D489 -> 0 | AV31: =IFERROR((AU31-$G31)*AT31,0) -> 0 | AW31: =交易记录!E522 -> 0 | AX31: =交易记录!D553 -> 0 | AY31: =IFERROR((AX31-$G31)*AW31,0) -> 0 | AZ31: =交易记录!E586 -> 0 | BA31: =交易记录!D617 -> 0 | BB31: =IFERROR((BA31-$G31)*AZ31,0) -> 0 | BC31: =交易记录!E650 -> 0 | BD31: =交易记录!D681 -> 0 | BE31: =IFERROR((BD31-$G31)*BC31,0) -> 0 | BF31: =交易记录!E714 -> 0 | BG31: =交易记录!D745 -> 0 | BH31: =IFERROR((BG31-$G31)*BF31,0) -> 0 | BI31: =交易记录!E778 -> 0 | BJ31: =交易记录!D809 -> 0 | BK31: =IFERROR((BJ31-$G31)*BI31,0) -> 0 | BL31: =交易记录!E842 -> 0 | BM31: =交易记录!D873 -> 0 | BN31: =IFERROR((BM31-$G31)*BL31,0) -> 0 | BO31: =交易记录!E906 -> 0 | BP31: =交易记录!D937 -> 0 | BQ31: =IFERROR((BP31-$G31)*BO31,0) -> 0
A32: ='维护-日期'!A$4 -> 46267 | B32: 06:00-07:00 | C32: =D32 -> 12.95 | D32: =ROUND(INDEX(持仓数据!$C$3:$AG$26,MATCH('计算过程-数据汇总'!B32,持仓数据!$B$3:$B$26,0),MATCH('计算过程-数据汇总'!A32,'维护-日期'!$B$2:$AF$2,0)),3) -> 12.95 | E32: =D32*1 -> 12.95 | F32: =持仓数据!D78 -> 0.145 | G32: 372 | H32: 372 | I32: 0 | J32: 0 | K32: =IF(持仓数据!D111="",0,持仓数据!D111) -> 372 | L32: =I32*J32 -> 0 | M32: =IFERROR(C32*G32,0) -> 4817.4 | N32: =IFERROR((D32-C32)*(G32-H32),0) -> 0 | O32: =IFERROR((E32-D32)*(G32-H32),0) -> 0 | P32: =IFERROR(F32*(K32-G32),0) -> 0 | Q32: =IFERROR(IF(ABS((E32-C32)/C32)>0.2,IF(SUM(N32:O32)<0,ABS(G32-H32)*(ABS(C32-E32)-C32*0.2),0),0),IF(SUM(N32:O32)<0,ABS(G32-H32)*(ABS(C32-E32)-C32*0.2),0)) -> 0 | R32: =IFERROR(K32*C32,0) -> 4817.4 | S32: =IFERROR((D32-E32)*(K32-G32),0) -> 0 | T32: =IFERROR((F32-D32)*(K32-G32),0) -> 0 | U32: =IFERROR((D32-C32)*(K32-H32),0) -> 0 | V32: =IFERROR((E32-D32)*(K32-H32),0) -> 0 | X32: =ROUND(D32*1.2-SUM(Y32,AB32,AE32,AH32,AK32,AN32,AQ32,AT32,AW32,AZ32,BC32,BF32,BI32,BL32,BO32),3) -> 15.395 | Y32: =交易记录!E11 -> 0.145 | Z32: =交易记录!D42 -> 372 | AA32: =IFERROR((Z32-G32)*Y32,0) -> 0 | AB32: =交易记录!E75 -> 0 | AC32: =交易记录!E106 -> 0 | AD32: =IFERROR((AC32-$G32)*AB32,0) -> 0 | AE32: =交易记录!E139 -> 0 | AF32: =交易记录!E170 -> 0 | AG32: =IFERROR((AF32-$G32)*AE32,0) -> 0 | AH32: =交易记录!E203 -> 0 | AI32: =交易记录!E234 -> 0 | AJ32: =IFERROR((AI32-$G32)*AH32,0) -> 0 | AK32: =交易记录!E267 -> 0 | AL32: =交易记录!E298 -> 0 | AM32: =IFERROR((AL32-$G32)*AK32,0) -> 0 | AN32: =交易记录!E331 -> 0 | AO32: =交易记录!E362 -> 0 | AP32: =IFERROR((AO32-$G32)*AN32,0) -> 0 | AQ32: =交易记录!E395 -> 0 | AR32: =交易记录!D426 -> 0 | AS32: =IFERROR((AR32-$G32)*AQ32,0) -> 0 | AT32: =交易记录!E459 -> 0 | AU32: =交易记录!D490 -> 0 | AV32: =IFERROR((AU32-$G32)*AT32,0) -> 0 | AW32: =交易记录!E523 -> 0 | AX32: =交易记录!D554 -> 0 | AY32: =IFERROR((AX32-$G32)*AW32,0) -> 0 | AZ32: =交易记录!E587 -> 0 | BA32: =交易记录!D618 -> 0 | BB32: =IFERROR((BA32-$G32)*AZ32,0) -> 0 | BC32: =交易记录!E651 -> 0 | BD32: =交易记录!D682 -> 0 | BE32: =IFERROR((BD32-$G32)*BC32,0) -> 0 | BF32: =交易记录!E715 -> 0 | BG32: =交易记录!D746 -> 0 | BH32: =IFERROR((BG32-$G32)*BF32,0) -> 0 | BI32: =交易记录!E779 -> 0 | BJ32: =交易记录!D810 -> 0 | BK32: =IFERROR((BJ32-$G32)*BI32,0) -> 0 | BL32: =交易记录!E843 -> 0 | BM32: =交易记录!D874 -> 0 | BN32: =IFERROR((BM32-$G32)*BL32,0) -> 0 | BO32: =交易记录!E907 -> 0 | BP32: =交易记录!D938 -> 0 | BQ32: =IFERROR((BP32-$G32)*BO32,0) -> 0
A33: ='维护-日期'!A$4 -> 46267 | B33: 07:00-08:00 | C33: =D33 -> 13.267 | D33: =ROUND(INDEX(持仓数据!$C$3:$AG$26,MATCH('计算过程-数据汇总'!B33,持仓数据!$B$3:$B$26,0),MATCH('计算过程-数据汇总'!A33,'维护-日期'!$B$2:$AF$2,0)),3) -> 13.267 | E33: =D33*1 -> 13.267 | F33: =持仓数据!D79 -> 0.307 | G33: 372 | H33: 372 | I33: 0 | J33: 0 | K33: =IF(持仓数据!D112="",0,持仓数据!D112) -> 372 | L33: =I33*J33 -> 0 | M33: =IFERROR(C33*G33,0) -> 4935.324 | N33: =IFERROR((D33-C33)*(G33-H33),0) -> 0 | O33: =IFERROR((E33-D33)*(G33-H33),0) -> 0 | P33: =IFERROR(F33*(K33-G33),0) -> 0 | Q33: =IFERROR(IF(ABS((E33-C33)/C33)>0.2,IF(SUM(N33:O33)<0,ABS(G33-H33)*(ABS(C33-E33)-C33*0.2),0),0),IF(SUM(N33:O33)<0,ABS(G33-H33)*(ABS(C33-E33)-C33*0.2),0)) -> 0 | R33: =IFERROR(K33*C33,0) -> 4935.324 | S33: =IFERROR((D33-E33)*(K33-G33),0) -> 0 | T33: =IFERROR((F33-D33)*(K33-G33),0) -> 0 | U33: =IFERROR((D33-C33)*(K33-H33),0) -> 0 | V33: =IFERROR((E33-D33)*(K33-H33),0) -> 0 | X33: =ROUND(D33*1.2-SUM(Y33,AB33,AE33,AH33,AK33,AN33,AQ33,AT33,AW33,AZ33,BC33,BF33,BI33,BL33,BO33),3) -> 15.613 | Y33: =交易记录!E12 -> 0.307 | Z33: =交易记录!D43 -> 372 | AA33: =IFERROR((Z33-G33)*Y33,0) -> 0 | AB33: =交易记录!E76 -> 0 | AC33: =交易记录!E107 -> 0 | AD33: =IFERROR((AC33-$G33)*AB33,0) -> 0 | AE33: =交易记录!E140 -> 0 | AF33: =交易记录!E171 -> 0 | AG33: =IFERROR((AF33-$G33)*AE33,0) -> 0 | AH33: =交易记录!E204 -> 0 | AI33: =交易记录!E235 -> 0 | AJ33: =IFERROR((AI33-$G33)*AH33,0) -> 0 | AK33: =交易记录!E268 -> 0 | AL33: =交易记录!E299 -> 0 | AM33: =IFERROR((AL33-$G33)*AK33,0) -> 0 | AN33: =交易记录!E332 -> 0 | AO33: =交易记录!E363 -> 0 | AP33: =IFERROR((AO33-$G33)*AN33,0) -> 0 | AQ33: =交易记录!E396 -> 0 | AR33: =交易记录!D427 -> 0 | AS33: =IFERROR((AR33-$G33)*AQ33,0) -> 0 | AT33: =交易记录!E460 -> 0 | AU33: =交易记录!D491 -> 0 | AV33: =IFERROR((AU33-$G33)*AT33,0) -> 0 | AW33: =交易记录!E524 -> 0 | AX33: =交易记录!D555 -> 0 | AY33: =IFERROR((AX33-$G33)*AW33,0) -> 0 | AZ33: =交易记录!E588 -> 0 | BA33: =交易记录!D619 -> 0 | BB33: =IFERROR((BA33-$G33)*AZ33,0) -> 0 | BC33: =交易记录!E652 -> 0 | BD33: =交易记录!D683 -> 0 | BE33: =IFERROR((BD33-$G33)*BC33,0) -> 0 | BF33: =交易记录!E716 -> 0 | BG33: =交易记录!D747 -> 0 | BH33: =IFERROR((BG33-$G33)*BF33,0) -> 0 | BI33: =交易记录!E780 -> 0 | BJ33: =交易记录!D811 -> 0 | BK33: =IFERROR((BJ33-$G33)*BI33,0) -> 0 | BL33: =交易记录!E844 -> 0 | BM33: =交易记录!D875 -> 0 | BN33: =IFERROR((BM33-$G33)*BL33,0) -> 0 | BO33: =交易记录!E908 -> 0 | BP33: =交易记录!D939 -> 0 | BQ33: =IFERROR((BP33-$G33)*BO33,0) -> 0
A34: ='维护-日期'!A$4 -> 46267 | B34: 08:00-09:00 | C34: =D34 -> 15.796 | D34: =ROUND(INDEX(持仓数据!$C$3:$AG$26,MATCH('计算过程-数据汇总'!B34,持仓数据!$B$3:$B$26,0),MATCH('计算过程-数据汇总'!A34,'维护-日期'!$B$2:$AF$2,0)),3) -> 15.796 | E34: =D34*1 -> 15.796 | F34: =持仓数据!D80 -> 0.428 | G34: 372 | H34: 372 | I34: 0 | J34: 0 | K34: =IF(持仓数据!D113="",0,持仓数据!D113) -> 372 | L34: =I34*J34 -> 0 | M34: =IFERROR(C34*G34,0) -> 5876.112 | N34: =IFERROR((D34-C34)*(G34-H34),0) -> 0 | O34: =IFERROR((E34-D34)*(G34-H34),0) -> 0 | P34: =IFERROR(F34*(K34-G34),0) -> 0 | Q34: =IFERROR(IF(ABS((E34-C34)/C34)>0.2,IF(SUM(N34:O34)<0,ABS(G34-H34)*(ABS(C34-E34)-C34*0.2),0),0),IF(SUM(N34:O34)<0,ABS(G34-H34)*(ABS(C34-E34)-C34*0.2),0)) -> 0 | R34: =IFERROR(K34*C34,0) -> 5876.112 | S34: =IFERROR((D34-E34)*(K34-G34),0) -> 0 | T34: =IFERROR((F34-D34)*(K34-G34),0) -> 0 | U34: =IFERROR((D34-C34)*(K34-H34),0) -> 0 | V34: =IFERROR((E34-D34)*(K34-H34),0) -> 0 | X34: =ROUND(D34*1.2-SUM(Y34,AB34,AE34,AH34,AK34,AN34,AQ34,AT34,AW34,AZ34,BC34,BF34,BI34,BL34,BO34),3) -> 18.527 | Y34: =交易记录!E13 -> 0.428 | Z34: =交易记录!D44 -> 372 | AA34: =IFERROR((Z34-G34)*Y34,0) -> 0 | AB34: =交易记录!E77 -> 0 | AC34: =交易记录!E108 -> 0 | AD34: =IFERROR((AC34-$G34)*AB34,0) -> 0 | AE34: =交易记录!E141 -> 0 | AF34: =交易记录!E172 -> 0 | AG34: =IFERROR((AF34-$G34)*AE34,0) -> 0 | AH34: =交易记录!E205 -> 0 | AI34: =交易记录!E236 -> 0 | AJ34: =IFERROR((AI34-$G34)*AH34,0) -> 0 | AK34: =交易记录!E269 -> 0 | AL34: =交易记录!E300 -> 0 | AM34: =IFERROR((AL34-$G34)*AK34,0) -> 0 | AN34: =交易记录!E333 -> 0 | AO34: =交易记录!E364 -> 0 | AP34: =IFERROR((AO34-$G34)*AN34,0) -> 0 | AQ34: =交易记录!E397 -> 0 | AR34: =交易记录!D428 -> 0 | AS34: =IFERROR((AR34-$G34)*AQ34,0) -> 0 | AT34: =交易记录!E461 -> 0 | AU34: =交易记录!D492 -> 0 | AV34: =IFERROR((AU34-$G34)*AT34,0) -> 0 | AW34: =交易记录!E525 -> 0 | AX34: =交易记录!D556 -> 0 | AY34: =IFERROR((AX34-$G34)*AW34,0) -> 0 | AZ34: =交易记录!E589 -> 0 | BA34: =交易记录!D620 -> 0 | BB34: =IFERROR((BA34-$G34)*AZ34,0) -> 0 | BC34: =交易记录!E653 -> 0 | BD34: =交易记录!D684 -> 0 | BE34: =IFERROR((BD34-$G34)*BC34,0) -> 0 | BF34: =交易记录!E717 -> 0 | BG34: =交易记录!D748 -> 0 | BH34: =IFERROR((BG34-$G34)*BF34,0) -> 0 | BI34: =交易记录!E781 -> 0 | BJ34: =交易记录!D812 -> 0 | BK34: =IFERROR((BJ34-$G34)*BI34,0) -> 0 | BL34: =交易记录!E845 -> 0 | BM34: =交易记录!D876 -> 0 | BN34: =IFERROR((BM34-$G34)*BL34,0) -> 0 | BO34: =交易记录!E909 -> 0 | BP34: =交易记录!D940 -> 0 | BQ34: =IFERROR((BP34-$G34)*BO34,0) -> 0
A35: ='维护-日期'!A$4 -> 46267 | B35: 09:00-10:00 | C35: =D35 -> 19.308 | D35: =ROUND(INDEX(持仓数据!$C$3:$AG$26,MATCH('计算过程-数据汇总'!B35,持仓数据!$B$3:$B$26,0),MATCH('计算过程-数据汇总'!A35,'维护-日期'!$B$2:$AF$2,0)),3) -> 19.308 | E35: =D35*1 -> 19.308 | F35: =持仓数据!D81 -> 0.461 | G35: 372 | H35: 372 | I35: 0 | J35: 0 | K35: =IF(持仓数据!D114="",0,持仓数据!D114) -> 372 | L35: =I35*J35 -> 0 | M35: =IFERROR(C35*G35,0) -> 7182.576 | N35: =IFERROR((D35-C35)*(G35-H35),0) -> 0 | O35: =IFERROR((E35-D35)*(G35-H35),0) -> 0 | P35: =IFERROR(F35*(K35-G35),0) -> 0 | Q35: =IFERROR(IF(ABS((E35-C35)/C35)>0.2,IF(SUM(N35:O35)<0,ABS(G35-H35)*(ABS(C35-E35)-C35*0.2),0),0),IF(SUM(N35:O35)<0,ABS(G35-H35)*(ABS(C35-E35)-C35*0.2),0)) -> 0 | R35: =IFERROR(K35*C35,0) -> 7182.576 | S35: =IFERROR((D35-E35)*(K35-G35),0) -> 0 | T35: =IFERROR((F35-D35)*(K35-G35),0) -> 0 | U35: =IFERROR((D35-C35)*(K35-H35),0) -> 0 | V35: =IFERROR((E35-D35)*(K35-H35),0) -> 0 | X35: =ROUND(D35*1.2-SUM(Y35,AB35,AE35,AH35,AK35,AN35,AQ35,AT35,AW35,AZ35,BC35,BF35,BI35,BL35,BO35),3) -> 22.709 | Y35: =交易记录!E14 -> 0.461 | Z35: =交易记录!D45 -> 372 | AA35: =IFERROR((Z35-G35)*Y35,0) -> 0 | AB35: =交易记录!E78 -> 0 | AC35: =交易记录!E109 -> 0 | AD35: =IFERROR((AC35-$G35)*AB35,0) -> 0 | AE35: =交易记录!E142 -> 0 | AF35: =交易记录!E173 -> 0 | AG35: =IFERROR((AF35-$G35)*AE35,0) -> 0 | AH35: =交易记录!E206 -> 0 | AI35: =交易记录!E237 -> 0 | AJ35: =IFERROR((AI35-$G35)*AH35,0) -> 0 | AK35: =交易记录!E270 -> 0 | AL35: =交易记录!E301 -> 0 | AM35: =IFERROR((AL35-$G35)*AK35,0) -> 0 | AN35: =交易记录!E334 -> 0 | AO35: =交易记录!E365 -> 0 | AP35: =IFERROR((AO35-$G35)*AN35,0) -> 0 | AQ35: =交易记录!E398 -> 0 | AR35: =交易记录!D429 -> 0 | AS35: =IFERROR((AR35-$G35)*AQ35,0) -> 0 | AT35: =交易记录!E462 -> 0 | AU35: =交易记录!D493 -> 0 | AV35: =IFERROR((AU35-$G35)*AT35,0) -> 0 | AW35: =交易记录!E526 -> 0 | AX35: =交易记录!D557 -> 0 | AY35: =IFERROR((AX35-$G35)*AW35,0) -> 0 | AZ35: =交易记录!E590 -> 0 | BA35: =交易记录!D621 -> 0 | BB35: =IFERROR((BA35-$G35)*AZ35,0) -> 0 | BC35: =交易记录!E654 -> 0 | BD35: =交易记录!D685 -> 0 | BE35: =IFERROR((BD35-$G35)*BC35,0) -> 0 | BF35: =交易记录!E718 -> 0 | BG35: =交易记录!D749 -> 0 | BH35: =IFERROR((BG35-$G35)*BF35,0) -> 0 | BI35: =交易记录!E782 -> 0 | BJ35: =交易记录!D813 -> 0 | BK35: =IFERROR((BJ35-$G35)*BI35,0) -> 0 | BL35: =交易记录!E846 -> 0 | BM35: =交易记录!D877 -> 0 | BN35: =IFERROR((BM35-$G35)*BL35,0) -> 0 | BO35: =交易记录!E910 -> 0 | BP35: =交易记录!D941 -> 0 | BQ35: =IFERROR((BP35-$G35)*BO35,0) -> 0
A36: ='维护-日期'!A$4 -> 46267 | B36: 10:00-11:00 | C36: =D36 -> 21.01 | D36: =ROUND(INDEX(持仓数据!$C$3:$AG$26,MATCH('计算过程-数据汇总'!B36,持仓数据!$B$3:$B$26,0),MATCH('计算过程-数据汇总'!A36,'维护-日期'!$B$2:$AF$2,0)),3) -> 21.01 | E36: =D36*1 -> 21.01 | F36: =持仓数据!D82 -> 0.467 | G36: 372 | H36: 372 | I36: 0 | J36: 0 | K36: =IF(持仓数据!D115="",0,持仓数据!D115) -> 372 | L36: =I36*J36 -> 0 | M36: =IFERROR(C36*G36,0) -> 7815.72 | N36: =IFERROR((D36-C36)*(G36-H36),0) -> 0 | O36: =IFERROR((E36-D36)*(G36-H36),0) -> 0 | P36: =IFERROR(F36*(K36-G36),0) -> 0 | Q36: =IFERROR(IF(ABS((E36-C36)/C36)>0.2,IF(SUM(N36:O36)<0,ABS(G36-H36)*(ABS(C36-E36)-C36*0.2),0),0),IF(SUM(N36:O36)<0,ABS(G36-H36)*(ABS(C36-E36)-C36*0.2),0)) -> 0 | R36: =IFERROR(K36*C36,0) -> 7815.72 | S36: =IFERROR((D36-E36)*(K36-G36),0) -> 0 | T36: =IFERROR((F36-D36)*(K36-G36),0) -> 0 | U36: =IFERROR((D36-C36)*(K36-H36),0) -> 0 | V36: =IFERROR((E36-D36)*(K36-H36),0) -> 0 | X36: =ROUND(D36*1.2-SUM(Y36,AB36,AE36,AH36,AK36,AN36,AQ36,AT36,AW36,AZ36,BC36,BF36,BI36,BL36,BO36),3) -> 24.745 | Y36: =交易记录!E15 -> 0.467 | Z36: =交易记录!D46 -> 372 | AA36: =IFERROR((Z36-G36)*Y36,0) -> 0 | AB36: =交易记录!E79 -> 0 | AC36: =交易记录!E110 -> 0 | AD36: =IFERROR((AC36-$G36)*AB36,0) -> 0 | AE36: =交易记录!E143 -> 0 | AF36: =交易记录!E174 -> 0 | AG36: =IFERROR((AF36-$G36)*AE36,0) -> 0 | AH36: =交易记录!E207 -> 0 | AI36: =交易记录!E238 -> 0 | AJ36: =IFERROR((AI36-$G36)*AH36,0) -> 0 | AK36: =交易记录!E271 -> 0 | AL36: =交易记录!E302 -> 0 | AM36: =IFERROR((AL36-$G36)*AK36,0) -> 0 | AN36: =交易记录!E335 -> 0 | AO36: =交易记录!E366 -> 0 | AP36: =IFERROR((AO36-$G36)*AN36,0) -> 0 | AQ36: =交易记录!E399 -> 0 | AR36: =交易记录!D430 -> 0 | AS36: =IFERROR((AR36-$G36)*AQ36,0) -> 0 | AT36: =交易记录!E463 -> 0 | AU36: =交易记录!D494 -> 0 | AV36: =IFERROR((AU36-$G36)*AT36,0) -> 0 | AW36: =交易记录!E527 -> 0 | AX36: =交易记录!D558 -> 0 | AY36: =IFERROR((AX36-$G36)*AW36,0) -> 0 | AZ36: =交易记录!E591 -> 0 | BA36: =交易记录!D622 -> 0 | BB36: =IFERROR((BA36-$G36)*AZ36,0) -> 0 | BC36: =交易记录!E655 -> 0 | BD36: =交易记录!D686 -> 0 | BE36: =IFERROR((BD36-$G36)*BC36,0) -> 0 | BF36: =交易记录!E719 -> 0 | BG36: =交易记录!D750 -> 0 | BH36: =IFERROR((BG36-$G36)*BF36,0) -> 0 | BI36: =交易记录!E783 -> 0 | BJ36: =交易记录!D814 -> 0 | BK36: =IFERROR((BJ36-$G36)*BI36,0) -> 0 | BL36: =交易记录!E847 -> 0 | BM36: =交易记录!D878 -> 0 | BN36: =IFERROR((BM36-$G36)*BL36,0) -> 0 | BO36: =交易记录!E911 -> 0 | BP36: =交易记录!D942 -> 0 | BQ36: =IFERROR((BP36-$G36)*BO36,0) -> 0
A37: ='维护-日期'!A$4 -> 46267 | B37: 11:00-12:00 | C37: =D37 -> 21.329 | D37: =ROUND(INDEX(持仓数据!$C$3:$AG$26,MATCH('计算过程-数据汇总'!B37,持仓数据!$B$3:$B$26,0),MATCH('计算过程-数据汇总'!A37,'维护-日期'!$B$2:$AF$2,0)),3) -> 21.329 | E37: =D37*1 -> 21.329 | F37: =持仓数据!D83 -> 0.321 | G37: 372 | H37: 372 | I37: 0 | J37: 0 | K37: =IF(持仓数据!D116="",0,持仓数据!D116) -> 372 | L37: =I37*J37 -> 0 | M37: =IFERROR(C37*G37,0) -> 7934.388 | N37: =IFERROR((D37-C37)*(G37-H37),0) -> 0 | O37: =IFERROR((E37-D37)*(G37-H37),0) -> 0 | P37: =IFERROR(F37*(K37-G37),0) -> 0 | Q37: =IFERROR(IF(ABS((E37-C37)/C37)>0.2,IF(SUM(N37:O37)<0,ABS(G37-H37)*(ABS(C37-E37)-C37*0.2),0),0),IF(SUM(N37:O37)<0,ABS(G37-H37)*(ABS(C37-E37)-C37*0.2),0)) -> 0 | R37: =IFERROR(K37*C37,0) -> 7934.388 | S37: =IFERROR((D37-E37)*(K37-G37),0) -> 0 | T37: =IFERROR((F37-D37)*(K37-G37),0) -> 0 | U37: =IFERROR((D37-C37)*(K37-H37),0) -> 0 | V37: =IFERROR((E37-D37)*(K37-H37),0) -> 0 | X37: =ROUND(D37*1.2-SUM(Y37,AB37,AE37,AH37,AK37,AN37,AQ37,AT37,AW37,AZ37,BC37,BF37,BI37,BL37,BO37),3) -> 25.274 | Y37: =交易记录!E16 -> 0.321 | Z37: =交易记录!D47 -> 372 | AA37: =IFERROR((Z37-G37)*Y37,0) -> 0 | AB37: =交易记录!E80 -> 0 | AC37: =交易记录!E111 -> 0 | AD37: =IFERROR((AC37-$G37)*AB37,0) -> 0 | AE37: =交易记录!E144 -> 0 | AF37: =交易记录!E175 -> 0 | AG37: =IFERROR((AF37-$G37)*AE37,0) -> 0 | AH37: =交易记录!E208 -> 0 | AI37: =交易记录!E239 -> 0 | AJ37: =IFERROR((AI37-$G37)*AH37,0) -> 0 | AK37: =交易记录!E272 -> 0 | AL37: =交易记录!E303 -> 0 | AM37: =IFERROR((AL37-$G37)*AK37,0) -> 0 | AN37: =交易记录!E336 -> 0 | AO37: =交易记录!E367 -> 0 | AP37: =IFERROR((AO37-$G37)*AN37,0) -> 0 | AQ37: =交易记录!E400 -> 0 | AR37: =交易记录!D431 -> 0 | AS37: =IFERROR((AR37-$G37)*AQ37,0) -> 0 | AT37: =交易记录!E464 -> 0 | AU37: =交易记录!D495 -> 0 | AV37: =IFERROR((AU37-$G37)*AT37,0) -> 0 | AW37: =交易记录!E528 -> 0 | AX37: =交易记录!D559 -> 0 | AY37: =IFERROR((AX37-$G37)*AW37,0) -> 0 | AZ37: =交易记录!E592 -> 0 | BA37: =交易记录!D623 -> 0 | BB37: =IFERROR((BA37-$G37)*AZ37,0) -> 0 | BC37: =交易记录!E656 -> 0 | BD37: =交易记录!D687 -> 0 | BE37: =IFERROR((BD37-$G37)*BC37,0) -> 0 | BF37: =交易记录!E720 -> 0 | BG37: =交易记录!D751 -> 0 | BH37: =IFERROR((BG37-$G37)*BF37,0) -> 0 | BI37: =交易记录!E784 -> 0 | BJ37: =交易记录!D815 -> 0 | BK37: =IFERROR((BJ37-$G37)*BI37,0) -> 0 | BL37: =交易记录!E848 -> 0 | BM37: =交易记录!D879 -> 0 | BN37: =IFERROR((BM37-$G37)*BL37,0) -> 0 | BO37: =交易记录!E912 -> 0 | BP37: =交易记录!D943 -> 0 | BQ37: =IFERROR((BP37-$G37)*BO37,0) -> 0
... A49: ='维护-日期'!A$4 -> 46267 | B49: 23:00-24:00 | C49: =D49 -> 16.963 | D49: =ROUND(INDEX(持仓数据!$C$3:$AG$26,MATCH('计算过程-数据汇总'!B49,持仓数据!$B$3:$B$26,0),MATCH('计算过程-数据汇总'!A49,'维护-日期'!$B$2:$AF$2,0)),3) -> 16.963 | E49: =D49*1 -> 16.963 | F49: =持仓数据!D95 -> 0.333 | G49: 372 | H49: 372 | I49: 0 | J49: 0 | K49: =IF(持仓数据!D128="",0,持仓数据!D128) -> 372 | L49: =I49*J49 -> 0 | M49: =IFERROR(C49*G49,0) -> 6310.236 | N49: =IFERROR((D49-C49)*(G49-H49),0) -> 0 | O49: =IFERROR((E49-D49)*(G49-H49),0) -> 0 | P49: =IFERROR(F49*(K49-G49),0) -> 0 | Q49: =IFERROR(IF(ABS((E49-C49)/C49)>0.2,IF(SUM(N49:O49)<0,ABS(G49-H49)*(ABS(C49-E49)-C49*0.2),0),0),IF(SUM(N49:O49)<0,ABS(G49-H49)*(ABS(C49-E49)-C49*0.2),0)) -> 0 | R49: =IFERROR(K49*C49,0) -> 6310.236 | S49: =IFERROR((D49-E49)*(K49-G49),0) -> 0 | T49: =IFERROR((F49-D49)*(K49-G49),0) -> 0 | U49: =IFERROR((D49-C49)*(K49-H49),0) -> 0 | V49: =IFERROR((E49-D49)*(K49-H49),0) -> 0 | X49: =ROUND(D49*1.2-SUM(Y49,AB49,AE49,AH49,AK49,AN49,AQ49,AT49,AW49,AZ49,BC49,BF49,BI49,BL49,BO49),3) -> 20.023 | Y49: =交易记录!E28 -> 0.333 | Z49: =交易记录!D59 -> 372 | AA49: =IFERROR((Z49-G49)*Y49,0) -> 0 | AB49: =交易记录!E92 -> 0 | AC49: =交易记录!E123 -> 0 | AD49: =IFERROR((AC49-$G49)*AB49,0) -> 0 | AE49: =交易记录!E156 -> 0 | AF49: =交易记录!E187 -> 0 | AG49: =IFERROR((AF49-$G49)*AE49,0) -> 0 | AH49: =交易记录!E220 -> 0 | AI49: =交易记录!E251 -> 0 | AJ49: =IFERROR((AI49-$G49)*AH49,0) -> 0 | AK49: =交易记录!E284 -> 0 | AL49: =交易记录!E315 -> 0 | AM49: =IFERROR((AL49-$G49)*AK49,0) -> 0 | AN49: =交易记录!E348 -> 0 | AO49: =交易记录!E379 -> 0 | AP49: =IFERROR((AO49-$G49)*AN49,0) -> 0 | AQ49: =交易记录!E412 -> 0 | AR49: =交易记录!D443 -> 0 | AS49: =IFERROR((AR49-$G49)*AQ49,0) -> 0 | AT49: =交易记录!E476 -> 0 | AU49: =交易记录!D507 -> 0 | AV49: =IFERROR((AU49-$G49)*AT49,0) -> 0 | AW49: =交易记录!E540 -> 0 | AX49: =交易记录!D571 -> 0 | AY49: =IFERROR((AX49-$G49)*AW49,0) -> 0 | AZ49: =交易记录!E604 -> 0 | BA49: =交易记录!D635 -> 0 | BB49: =IFERROR((BA49-$G49)*AZ49,0) -> 0 | BC49: =交易记录!E668 -> 0 | BD49: =交易记录!D699 -> 0 | BE49: =IFERROR((BD49-$G49)*BC49,0) -> 0 | BF49: =交易记录!E732 -> 0 | BG49: =交易记录!D763 -> 0 | BH49: =IFERROR((BG49-$G49)*BF49,0) -> 0 | BI49: =交易记录!E796 -> 0 | BJ49: =交易记录!D827 -> 0 | BK49: =IFERROR((BJ49-$G49)*BI49,0) -> 0 | BL49: =交易记录!E860 -> 0 | BM49: =交易记录!D891 -> 0 | BN49: =IFERROR((BM49-$G49)*BL49,0) -> 0 | BO49: =交易记录!E924 -> 0 | BP49: =交易记录!D955 -> 0 | BQ49: =IFERROR((BP49-$G49)*BO49,0) -> 0
A50: ='维护-日期'!A$5 -> 46268 | B50: 00:00-01:00 | C50: =D50 -> 16.656 | D50: =ROUND(INDEX(持仓数据!$C$3:$AG$26,MATCH('计算过程-数据汇总'!B50,持仓数据!$B$3:$B$26,0),MATCH('计算过程-数据汇总'!A50,'维护-日期'!$B$2:$AF$2,0)),3) -> 16.656 | E50: =D50*1 -> 16.656 | F50: =持仓数据!E72 -> 0.397 | G50: 372 | H50: 372 | I50: 0 | J50: 0 | K50: =IF(持仓数据!E105="",0,持仓数据!E105) -> 372 | L50: =I50*J50 -> 0 | M50: =IFERROR(C50*G50,0) -> 6196.032 | N50: =IFERROR((D50-C50)*(G50-H50),0) -> 0 | O50: =IFERROR((E50-D50)*(G50-H50),0) -> 0 | P50: =IFERROR(F50*(K50-G50),0) -> 0 | Q50: =IFERROR(IF(ABS((E50-C50)/C50)>0.2,IF(SUM(N50:O50)<0,ABS(G50-H50)*(ABS(C50-E50)-C50*0.2),0),0),IF(SUM(N50:O50)<0,ABS(G50-H50)*(ABS(C50-E50)-C50*0.2),0)) -> 0 | R50: =IFERROR(K50*C50,0) -> 6196.032 | S50: =IFERROR((D50-E50)*(K50-G50),0) -> 0 | T50: =IFERROR((F50-D50)*(K50-G50),0) -> 0 | U50: =IFERROR((D50-C50)*(K50-H50),0) -> 0 | V50: =IFERROR((E50-D50)*(K50-H50),0) -> 0 | X50: =ROUND(D50*1.2-SUM(Y50,AB50,AE50,AH50,AK50,AN50,AQ50,AT50,AW50,AZ50,BC50,BF50,BI50,BL50,BO50),3) -> 19.59 | Y50: =交易记录!F5 -> 0.397 | Z50: =交易记录!F36 -> 372 | AA50: =IFERROR((Z50-G50)*Y50,0) -> 0 | AB50: =交易记录!F69 -> 0 | AC50: =交易记录!F100 -> 0 | AD50: =IFERROR((AC50-$G50)*AB50,0) -> 0 | AE50: =交易记录!F133 -> 0 | AF50: =交易记录!F164 -> 0 | AG50: =IFERROR((AF50-$G50)*AE50,0) -> 0 | AH50: =交易记录!F197 -> 0 | AI50: =交易记录!F228 -> 0 | AJ50: =IFERROR((AI50-$G50)*AH50,0) -> 0 | AK50: =交易记录!F261 -> 0 | AL50: =交易记录!F292 -> 0 | AM50: =IFERROR((AL50-$G50)*AK50,0) -> 0 | AN50: =交易记录!F325 -> 0 | AO50: =交易记录!F356 -> 0 | AP50: =IFERROR((AO50-$G50)*AN50,0) -> 0 | AQ50: =交易记录!F389 -> 0 | AR50: =交易记录!F420 -> 0 | AS50: =IFERROR((AR50-$G50)*AQ50,0) -> 0 | AT50: =交易记录!F453 -> 0 | AU50: =交易记录!F484 -> 0 | AV50: =IFERROR((AU50-$G50)*AT50,0) -> 0 | AW50: =交易记录!F517 -> 0 | AX50: =交易记录!F548 -> 0 | AY50: =IFERROR((AX50-$G50)*AW50,0) -> 0 | AZ50: =交易记录!F581 -> 0 | BA50: =交易记录!F612 -> 0 | BB50: =IFERROR((BA50-$G50)*AZ50,0) -> 0 | BC50: =交易记录!F645 -> 0 | BD50: =交易记录!F676 -> 0 | BE50: =IFERROR((BD50-$G50)*BC50,0) -> 0 | BF50: =交易记录!F709 -> 0 | BG50: =交易记录!F740 -> 0 | BH50: =IFERROR((BG50-$G50)*BF50,0) -> 0 | BI50: =交易记录!F773 -> 0 | BJ50: =交易记录!F804 -> 0 | BK50: =IFERROR((BJ50-$G50)*BI50,0) -> 0 | BL50: =交易记录!F837 -> 0 | BM50: =交易记录!F868 -> 0 | BN50: =IFERROR((BM50-$G50)*BL50,0) -> 0 | BO50: =交易记录!F901 -> 0 | BP50: =交易记录!F932 -> 0 | BQ50: =IFERROR((BP50-$G50)*BO50,0) -> 0
A51: ='维护-日期'!A$5 -> 46268 | B51: 01:00-02:00 | C51: =D51 -> 15.792 | D51: =ROUND(INDEX(持仓数据!$C$3:$AG$26,MATCH('计算过程-数据汇总'!B51,持仓数据!$B$3:$B$26,0),MATCH('计算过程-数据汇总'!A51,'维护-日期'!$B$2:$AF$2,0)),3) -> 15.792 | E51: =D51*1 -> 15.792 | F51: =持仓数据!E73 -> 0.265 | G51: 372 | H51: 372 | I51: 0 | J51: 0 | K51: =IF(持仓数据!E106="",0,持仓数据!E106) -> 372 | L51: =I51*J51 -> 0 | M51: =IFERROR(C51*G51,0) -> 5874.624 | N51: =IFERROR((D51-C51)*(G51-H51),0) -> 0 | O51: =IFERROR((E51-D51)*(G51-H51),0) -> 0 | P51: =IFERROR(F51*(K51-G51),0) -> 0 | Q51: =IFERROR(IF(ABS((E51-C51)/C51)>0.2,IF(SUM(N51:O51)<0,ABS(G51-H51)*(ABS(C51-E51)-C51*0.2),0),0),IF(SUM(N51:O51)<0,ABS(G51-H51)*(ABS(C51-E51)-C51*0.2),0)) -> 0 | R51: =IFERROR(K51*C51,0) -> 5874.624 | S51: =IFERROR((D51-E51)*(K51-G51),0) -> 0 | T51: =IFERROR((F51-D51)*(K51-G51),0) -> 0 | U51: =IFERROR((D51-C51)*(K51-H51),0) -> 0 | V51: =IFERROR((E51-D51)*(K51-H51),0) -> 0 | X51: =ROUND(D51*1.2-SUM(Y51,AB51,AE51,AH51,AK51,AN51,AQ51,AT51,AW51,AZ51,BC51,BF51,BI51,BL51,BO51),3) -> 18.685 | Y51: =交易记录!F6 -> 0.265 | Z51: =交易记录!F37 -> 372 | AA51: =IFERROR((Z51-G51)*Y51,0) -> 0 | AB51: =交易记录!F70 -> 0 | AC51: =交易记录!F101 -> 0 | AD51: =IFERROR((AC51-$G51)*AB51,0) -> 0 | AE51: =交易记录!F134 -> 0 | AF51: =交易记录!F165 -> 0 | AG51: =IFERROR((AF51-$G51)*AE51,0) -> 0 | AH51: =交易记录!F198 -> 0 | AI51: =交易记录!F229 -> 0 | AJ51: =IFERROR((AI51-$G51)*AH51,0) -> 0 | AK51: =交易记录!F262 -> 0 | AL51: =交易记录!F293 -> 0 | AM51: =IFERROR((AL51-$G51)*AK51,0) -> 0 | AN51: =交易记录!F326 -> 0 | AO51: =交易记录!F357 -> 0 | AP51: =IFERROR((AO51-$G51)*AN51,0) -> 0 | AQ51: =交易记录!F390 -> 0 | AR51: =交易记录!F421 -> 0 | AS51: =IFERROR((AR51-$G51)*AQ51,0) -> 0 | AT51: =交易记录!F454 -> 0 | AU51: =交易记录!F485 -> 0 | AV51: =IFERROR((AU51-$G51)*AT51,0) -> 0 | AW51: =交易记录!F518 -> 0 | AX51: =交易记录!F549 -> 0 | AY51: =IFERROR((AX51-$G51)*AW51,0) -> 0 | AZ51: =交易记录!F582 -> 0 | BA51: =交易记录!F613 -> 0 | BB51: =IFERROR((BA51-$G51)*AZ51,0) -> 0 | BC51: =交易记录!F646 -> 0 | BD51: =交易记录!F677 -> 0 | BE51: =IFERROR((BD51-$G51)*BC51,0) -> 0 | BF51: =交易记录!F710 -> 0 | BG51: =交易记录!F741 -> 0 | BH51: =IFERROR((BG51-$G51)*BF51,0) -> 0 | BI51: =交易记录!F774 -> 0 | BJ51: =交易记录!F805 -> 0 | BK51: =IFERROR((BJ51-$G51)*BI51,0) -> 0 | BL51: =交易记录!F838 -> 0 | BM51: =交易记录!F869 -> 0 | BN51: =IFERROR((BM51-$G51)*BL51,0) -> 0 | BO51: =交易记录!F902 -> 0 | BP51: =交易记录!F933 -> 0 | BQ51: =IFERROR((BP51-$G51)*BO51,0) -> 0
A52: ='维护-日期'!A$5 -> 46268 | B52: 02:00-03:00 | C52: =D52 -> 14.822 | D52: =ROUND(INDEX(持仓数据!$C$3:$AG$26,MATCH('计算过程-数据汇总'!B52,持仓数据!$B$3:$B$26,0),MATCH('计算过程-数据汇总'!A52,'维护-日期'!$B$2:$AF$2,0)),3) -> 14.822 | E52: =D52*1 -> 14.822 | F52: =持仓数据!E74 -> 0.242 | G52: 372 | H52: 372 | I52: 0 | J52: 0 | K52: =IF(持仓数据!E107="",0,持仓数据!E107) -> 372 | L52: =I52*J52 -> 0 | M52: =IFERROR(C52*G52,0) -> 5513.784 | N52: =IFERROR((D52-C52)*(G52-H52),0) -> 0 | O52: =IFERROR((E52-D52)*(G52-H52),0) -> 0 | P52: =IFERROR(F52*(K52-G52),0) -> 0 | Q52: =IFERROR(IF(ABS((E52-C52)/C52)>0.2,IF(SUM(N52:O52)<0,ABS(G52-H52)*(ABS(C52-E52)-C52*0.2),0),0),IF(SUM(N52:O52)<0,ABS(G52-H52)*(ABS(C52-E52)-C52*0.2),0)) -> 0 | R52: =IFERROR(K52*C52,0) -> 5513.784 | S52: =IFERROR((D52-E52)*(K52-G52),0) -> 0 | T52: =IFERROR((F52-D52)*(K52-G52),0) -> 0 | U52: =IFERROR((D52-C52)*(K52-H52),0) -> 0 | V52: =IFERROR((E52-D52)*(K52-H52),0) -> 0 | X52: =ROUND(D52*1.2-SUM(Y52,AB52,AE52,AH52,AK52,AN52,AQ52,AT52,AW52,AZ52,BC52,BF52,BI52,BL52,BO52),3) -> 17.544 | Y52: =交易记录!F7 -> 0.242 | Z52: =交易记录!F38 -> 372 | AA52: =IFERROR((Z52-G52)*Y52,0) -> 0 | AB52: =交易记录!F71 -> 0 | AC52: =交易记录!F102 -> 0 | AD52: =IFERROR((AC52-$G52)*AB52,0) -> 0 | AE52: =交易记录!F135 -> 0 | AF52: =交易记录!F166 -> 0 | AG52: =IFERROR((AF52-$G52)*AE52,0) -> 0 | AH52: =交易记录!F199 -> 0 | AI52: =交易记录!F230 -> 0 | AJ52: =IFERROR((AI52-$G52)*AH52,0) -> 0 | AK52: =交易记录!F263 -> 0 | AL52: =交易记录!F294 -> 0 | AM52: =IFERROR((AL52-$G52)*AK52,0) -> 0 | AN52: =交易记录!F327 -> 0 | AO52: =交易记录!F358 -> 0 | AP52: =IFERROR((AO52-$G52)*AN52,0) -> 0 | AQ52: =交易记录!F391 -> 0 | AR52: =交易记录!F422 -> 0 | AS52: =IFERROR((AR52-$G52)*AQ52,0) -> 0 | AT52: =交易记录!F455 -> 0 | AU52: =交易记录!F486 -> 0 | AV52: =IFERROR((AU52-$G52)*AT52,0) -> 0 | AW52: =交易记录!F519 -> 0 | AX52: =交易记录!F550 -> 0 | AY52: =IFERROR((AX52-$G52)*AW52,0) -> 0 | AZ52: =交易记录!F583 -> 0 | BA52: =交易记录!F614 -> 0 | BB52: =IFERROR((BA52-$G52)*AZ52,0) -> 0 | BC52: =交易记录!F647 -> 0 | BD52: =交易记录!F678 -> 0 | BE52: =IFERROR((BD52-$G52)*BC52,0) -> 0 | BF52: =交易记录!F711 -> 0 | BG52: =交易记录!F742 -> 0 | BH52: =IFERROR((BG52-$G52)*BF52,0) -> 0 | BI52: =交易记录!F775 -> 0 | BJ52: =交易记录!F806 -> 0 | BK52: =IFERROR((BJ52-$G52)*BI52,0) -> 0 | BL52: =交易记录!F839 -> 0 | BM52: =交易记录!F870 -> 0 | BN52: =IFERROR((BM52-$G52)*BL52,0) -> 0 | BO52: =交易记录!F903 -> 0 | BP52: =交易记录!F934 -> 0 | BQ52: =IFERROR((BP52-$G52)*BO52,0) -> 0
A53: ='维护-日期'!A$5 -> 46268 | B53: 03:00-04:00 | C53: =D53 -> 13.817 | D53: =ROUND(INDEX(持仓数据!$C$3:$AG$26,MATCH('计算过程-数据汇总'!B53,持仓数据!$B$3:$B$26,0),MATCH('计算过程-数据汇总'!A53,'维护-日期'!$B$2:$AF$2,0)),3) -> 13.817 | E53: =D53*1 -> 13.817 | F53: =持仓数据!E75 -> 0.09 | G53: 372 | H53: 372 | I53: 0 | J53: 0 | K53: =IF(持仓数据!E108="",0,持仓数据!E108) -> 372 | L53: =I53*J53 -> 0 | M53: =IFERROR(C53*G53,0) -> 5139.924 | N53: =IFERROR((D53-C53)*(G53-H53),0) -> 0 | O53: =IFERROR((E53-D53)*(G53-H53),0) -> 0 | P53: =IFERROR(F53*(K53-G53),0) -> 0 | Q53: =IFERROR(IF(ABS((E53-C53)/C53)>0.2,IF(SUM(N53:O53)<0,ABS(G53-H53)*(ABS(C53-E53)-C53*0.2),0),0),IF(SUM(N53:O53)<0,ABS(G53-H53)*(ABS(C53-E53)-C53*0.2),0)) -> 0 | R53: =IFERROR(K53*C53,0) -> 5139.924 | S53: =IFERROR((D53-E53)*(K53-G53),0) -> 0 | T53: =IFERROR((F53-D53)*(K53-G53),0) -> 0 | U53: =IFERROR((D53-C53)*(K53-H53),0) -> 0 | V53: =IFERROR((E53-D53)*(K53-H53),0) -> 0 | X53: =ROUND(D53*1.2-SUM(Y53,AB53,AE53,AH53,AK53,AN53,AQ53,AT53,AW53,AZ53,BC53,BF53,BI53,BL53,BO53),3) -> 16.49 | Y53: =交易记录!F8 -> 0.09 | Z53: =交易记录!F39 -> 372 | AA53: =IFERROR((Z53-G53)*Y53,0) -> 0 | AB53: =交易记录!F72 -> 0 | AC53: =交易记录!F103 -> 0 | AD53: =IFERROR((AC53-$G53)*AB53,0) -> 0 | AE53: =交易记录!F136 -> 0 | AF53: =交易记录!F167 -> 0 | AG53: =IFERROR((AF53-$G53)*AE53,0) -> 0 | AH53: =交易记录!F200 -> 0 | AI53: =交易记录!F231 -> 0 | AJ53: =IFERROR((AI53-$G53)*AH53,0) -> 0 | AK53: =交易记录!F264 -> 0 | AL53: =交易记录!F295 -> 0 | AM53: =IFERROR((AL53-$G53)*AK53,0) -> 0 | AN53: =交易记录!F328 -> 0 | AO53: =交易记录!F359 -> 0 | AP53: =IFERROR((AO53-$G53)*AN53,0) -> 0 | AQ53: =交易记录!F392 -> 0 | AR53: =交易记录!F423 -> 0 | AS53: =IFERROR((AR53-$G53)*AQ53,0) -> 0 | AT53: =交易记录!F456 -> 0 | AU53: =交易记录!F487 -> 0 | AV53: =IFERROR((AU53-$G53)*AT53,0) -> 0 | AW53: =交易记录!F520 -> 0 | AX53: =交易记录!F551 -> 0 | AY53: =IFERROR((AX53-$G53)*AW53,0) -> 0 | AZ53: =交易记录!F584 -> 0 | BA53: =交易记录!F615 -> 0 | BB53: =IFERROR((BA53-$G53)*AZ53,0) -> 0 | BC53: =交易记录!F648 -> 0 | BD53: =交易记录!F679 -> 0 | BE53: =IFERROR((BD53-$G53)*BC53,0) -> 0 | BF53: =交易记录!F712 -> 0 | BG53: =交易记录!F743 -> 0 | BH53: =IFERROR((BG53-$G53)*BF53,0) -> 0 | BI53: =交易记录!F776 -> 0 | BJ53: =交易记录!F807 -> 0 | BK53: =IFERROR((BJ53-$G53)*BI53,0) -> 0 | BL53: =交易记录!F840 -> 0 | BM53: =交易记录!F871 -> 0 | BN53: =IFERROR((BM53-$G53)*BL53,0) -> 0 | BO53: =交易记录!F904 -> 0 | BP53: =交易记录!F935 -> 0 | BQ53: =IFERROR((BP53-$G53)*BO53,0) -> 0
A54: ='维护-日期'!A$5 -> 46268 | B54: 04:00-05:00 | C54: =D54 -> 13.388 | D54: =ROUND(INDEX(持仓数据!$C$3:$AG$26,MATCH('计算过程-数据汇总'!B54,持仓数据!$B$3:$B$26,0),MATCH('计算过程-数据汇总'!A54,'维护-日期'!$B$2:$AF$2,0)),3) -> 13.388 | E54: =D54*1 -> 13.388 | F54: =持仓数据!E76 -> 0.087 | G54: 372 | H54: 372 | I54: 0 | J54: 0 | K54: =IF(持仓数据!E109="",0,持仓数据!E109) -> 372 | L54: =I54*J54 -> 0 | M54: =IFERROR(C54*G54,0) -> 4980.336 | N54: =IFERROR((D54-C54)*(G54-H54),0) -> 0 | O54: =IFERROR((E54-D54)*(G54-H54),0) -> 0 | P54: =IFERROR(F54*(K54-G54),0) -> 0 | Q54: =IFERROR(IF(ABS((E54-C54)/C54)>0.2,IF(SUM(N54:O54)<0,ABS(G54-H54)*(ABS(C54-E54)-C54*0.2),0),0),IF(SUM(N54:O54)<0,ABS(G54-H54)*(ABS(C54-E54)-C54*0.2),0)) -> 0 | R54: =IFERROR(K54*C54,0) -> 4980.336 | S54: =IFERROR((D54-E54)*(K54-G54),0) -> 0 | T54: =IFERROR((F54-D54)*(K54-G54),0) -> 0 | U54: =IFERROR((D54-C54)*(K54-H54),0) -> 0 | V54: =IFERROR((E54-D54)*(K54-H54),0) -> 0 | X54: =ROUND(D54*1.2-SUM(Y54,AB54,AE54,AH54,AK54,AN54,AQ54,AT54,AW54,AZ54,BC54,BF54,BI54,BL54,BO54),3) -> 15.979 | Y54: =交易记录!F9 -> 0.087 | Z54: =交易记录!F40 -> 372 | AA54: =IFERROR((Z54-G54)*Y54,0) -> 0 | AB54: =交易记录!F73 -> 0 | AC54: =交易记录!F104 -> 0 | AD54: =IFERROR((AC54-$G54)*AB54,0) -> 0 | AE54: =交易记录!F137 -> 0 | AF54: =交易记录!F168 -> 0 | AG54: =IFERROR((AF54-$G54)*AE54,0) -> 0 | AH54: =交易记录!F201 -> 0 | AI54: =交易记录!F232 -> 0 | AJ54: =IFERROR((AI54-$G54)*AH54,0) -> 0 | AK54: =交易记录!F265 -> 0 | AL54: =交易记录!F296 -> 0 | AM54: =IFERROR((AL54-$G54)*AK54,0) -> 0 | AN54: =交易记录!F329 -> 0 | AO54: =交易记录!F360 -> 0 | AP54: =IFERROR((AO54-$G54)*AN54,0) -> 0 | AQ54: =交易记录!F393 -> 0 | AR54: =交易记录!F424 -> 0 | AS54: =IFERROR((AR54-$G54)*AQ54,0) -> 0 | AT54: =交易记录!F457 -> 0 | AU54: =交易记录!F488 -> 0 | AV54: =IFERROR((AU54-$G54)*AT54,0) -> 0 | AW54: =交易记录!F521 -> 0 | AX54: =交易记录!F552 -> 0 | AY54: =IFERROR((AX54-$G54)*AW54,0) -> 0 | AZ54: =交易记录!F585 -> 0 | BA54: =交易记录!F616 -> 0 | BB54: =IFERROR((BA54-$G54)*AZ54,0) -> 0 | BC54: =交易记录!F649 -> 0 | BD54: =交易记录!F680 -> 0 | BE54: =IFERROR((BD54-$G54)*BC54,0) -> 0 | BF54: =交易记录!F713 -> 0 | BG54: =交易记录!F744 -> 0 | BH54: =IFERROR((BG54-$G54)*BF54,0) -> 0 | BI54: =交易记录!F777 -> 0 | BJ54: =交易记录!F808 -> 0 | BK54: =IFERROR((BJ54-$G54)*BI54,0) -> 0 | BL54: =交易记录!F841 -> 0 | BM54: =交易记录!F872 -> 0 | BN54: =IFERROR((BM54-$G54)*BL54,0) -> 0 | BO54: =交易记录!F905 -> 0 | BP54: =交易记录!F936 -> 0 | BQ54: =IFERROR((BP54-$G54)*BO54,0) -> 0
A55: ='维护-日期'!A$5 -> 46268 | B55: 05:00-06:00 | C55: =D55 -> 13.087 | D55: =ROUND(INDEX(持仓数据!$C$3:$AG$26,MATCH('计算过程-数据汇总'!B55,持仓数据!$B$3:$B$26,0),MATCH('计算过程-数据汇总'!A55,'维护-日期'!$B$2:$AF$2,0)),3) -> 13.087 | E55: =D55*1 -> 13.087 | F55: =持仓数据!E77 -> 0.087 | G55: 372 | H55: 372 | I55: 0 | J55: 0 | K55: =IF(持仓数据!E110="",0,持仓数据!E110) -> 372 | L55: =I55*J55 -> 0 | M55: =IFERROR(C55*G55,0) -> 4868.364 | N55: =IFERROR((D55-C55)*(G55-H55),0) -> 0 | O55: =IFERROR((E55-D55)*(G55-H55),0) -> 0 | P55: =IFERROR(F55*(K55-G55),0) -> 0 | Q55: =IFERROR(IF(ABS((E55-C55)/C55)>0.2,IF(SUM(N55:O55)<0,ABS(G55-H55)*(ABS(C55-E55)-C55*0.2),0),0),IF(SUM(N55:O55)<0,ABS(G55-H55)*(ABS(C55-E55)-C55*0.2),0)) -> 0 | R55: =IFERROR(K55*C55,0) -> 4868.364 | S55: =IFERROR((D55-E55)*(K55-G55),0) -> 0 | T55: =IFERROR((F55-D55)*(K55-G55),0) -> 0 | U55: =IFERROR((D55-C55)*(K55-H55),0) -> 0 | V55: =IFERROR((E55-D55)*(K55-H55),0) -> 0 | X55: =ROUND(D55*1.2-SUM(Y55,AB55,AE55,AH55,AK55,AN55,AQ55,AT55,AW55,AZ55,BC55,BF55,BI55,BL55,BO55),3) -> 15.617 | Y55: =交易记录!F10 -> 0.087 | Z55: =交易记录!F41 -> 372 | AA55: =IFERROR((Z55-G55)*Y55,0) -> 0 | AB55: =交易记录!F74 -> 0 | AC55: =交易记录!F105 -> 0 | AD55: =IFERROR((AC55-$G55)*AB55,0) -> 0 | AE55: =交易记录!F138 -> 0 | AF55: =交易记录!F169 -> 0 | AG55: =IFERROR((AF55-$G55)*AE55,0) -> 0 | AH55: =交易记录!F202 -> 0 | AI55: =交易记录!F233 -> 0 | AJ55: =IFERROR((AI55-$G55)*AH55,0) -> 0 | AK55: =交易记录!F266 -> 0 | AL55: =交易记录!F297 -> 0 | AM55: =IFERROR((AL55-$G55)*AK55,0) -> 0 | AN55: =交易记录!F330 -> 0 | AO55: =交易记录!F361 -> 0 | AP55: =IFERROR((AO55-$G55)*AN55,0) -> 0 | AQ55: =交易记录!F394 -> 0 | AR55: =交易记录!F425 -> 0 | AS55: =IFERROR((AR55-$G55)*AQ55,0) -> 0 | AT55: =交易记录!F458 -> 0 | AU55: =交易记录!F489 -> 0 | AV55: =IFERROR((AU55-$G55)*AT55,0) -> 0 | AW55: =交易记录!F522 -> 0 | AX55: =交易记录!F553 -> 0 | AY55: =IFERROR((AX55-$G55)*AW55,0) -> 0 | AZ55: =交易记录!F586 -> 0 | BA55: =交易记录!F617 -> 0 | BB55: =IFERROR((BA55-$G55)*AZ55,0) -> 0 | BC55: =交易记录!F650 -> 0 | BD55: =交易记录!F681 -> 0 | BE55: =IFERROR((BD55-$G55)*BC55,0) -> 0 | BF55: =交易记录!F714 -> 0 | BG55: =交易记录!F745 -> 0 | BH55: =IFERROR((BG55-$G55)*BF55,0) -> 0 | BI55: =交易记录!F778 -> 0 | BJ55: =交易记录!F809 -> 0 | BK55: =IFERROR((BJ55-$G55)*BI55,0) -> 0 | BL55: =交易记录!F842 -> 0 | BM55: =交易记录!F873 -> 0 | BN55: =IFERROR((BM55-$G55)*BL55,0) -> 0 | BO55: =交易记录!F906 -> 0 | BP55: =交易记录!F937 -> 0 | BQ55: =IFERROR((BP55-$G55)*BO55,0) -> 0
A56: ='维护-日期'!A$5 -> 46268 | B56: 06:00-07:00 | C56: =D56 -> 12.95 | D56: =ROUND(INDEX(持仓数据!$C$3:$AG$26,MATCH('计算过程-数据汇总'!B56,持仓数据!$B$3:$B$26,0),MATCH('计算过程-数据汇总'!A56,'维护-日期'!$B$2:$AF$2,0)),3) -> 12.95 | E56: =D56*1 -> 12.95 | F56: =持仓数据!E78 -> 0.145 | G56: 372 | H56: 372 | I56: 0 | J56: 0 | K56: =IF(持仓数据!E111="",0,持仓数据!E111) -> 372 | L56: =I56*J56 -> 0 | M56: =IFERROR(C56*G56,0) -> 4817.4 | N56: =IFERROR((D56-C56)*(G56-H56),0) -> 0 | O56: =IFERROR((E56-D56)*(G56-H56),0) -> 0 | P56: =IFERROR(F56*(K56-G56),0) -> 0 | Q56: =IFERROR(IF(ABS((E56-C56)/C56)>0.2,IF(SUM(N56:O56)<0,ABS(G56-H56)*(ABS(C56-E56)-C56*0.2),0),0),IF(SUM(N56:O56)<0,ABS(G56-H56)*(ABS(C56-E56)-C56*0.2),0)) -> 0 | R56: =IFERROR(K56*C56,0) -> 4817.4 | S56: =IFERROR((D56-E56)*(K56-G56),0) -> 0 | T56: =IFERROR((F56-D56)*(K56-G56),0) -> 0 | U56: =IFERROR((D56-C56)*(K56-H56),0) -> 0 | V56: =IFERROR((E56-D56)*(K56-H56),0) -> 0 | X56: =ROUND(D56*1.2-SUM(Y56,AB56,AE56,AH56,AK56,AN56,AQ56,AT56,AW56,AZ56,BC56,BF56,BI56,BL56,BO56),3) -> 15.395 | Y56: =交易记录!F11 -> 0.145 | Z56: =交易记录!F42 -> 372 | AA56: =IFERROR((Z56-G56)*Y56,0) -> 0 | AB56: =交易记录!F75 -> 0 | AC56: =交易记录!F106 -> 0 | AD56: =IFERROR((AC56-$G56)*AB56,0) -> 0 | AE56: =交易记录!F139 -> 0 | AF56: =交易记录!F170 -> 0 | AG56: =IFERROR((AF56-$G56)*AE56,0) -> 0 | AH56: =交易记录!F203 -> 0 | AI56: =交易记录!F234 -> 0 | AJ56: =IFERROR((AI56-$G56)*AH56,0) -> 0 | AK56: =交易记录!F267 -> 0 | AL56: =交易记录!F298 -> 0 | AM56: =IFERROR((AL56-$G56)*AK56,0) -> 0 | AN56: =交易记录!F331 -> 0 | AO56: =交易记录!F362 -> 0 | AP56: =IFERROR((AO56-$G56)*AN56,0) -> 0 | AQ56: =交易记录!F395 -> 0 | AR56: =交易记录!F426 -> 0 | AS56: =IFERROR((AR56-$G56)*AQ56,0) -> 0 | AT56: =交易记录!F459 -> 0 | AU56: =交易记录!F490 -> 0 | AV56: =IFERROR((AU56-$G56)*AT56,0) -> 0 | AW56: =交易记录!F523 -> 0 | AX56: =交易记录!F554 -> 0 | AY56: =IFERROR((AX56-$G56)*AW56,0) -> 0 | AZ56: =交易记录!F587 -> 0 | BA56: =交易记录!F618 -> 0 | BB56: =IFERROR((BA56-$G56)*AZ56,0) -> 0 | BC56: =交易记录!F651 -> 0 | BD56: =交易记录!F682 -> 0 | BE56: =IFERROR((BD56-$G56)*BC56,0) -> 0 | BF56: =交易记录!F715 -> 0 | BG56: =交易记录!F746 -> 0 | BH56: =IFERROR((BG56-$G56)*BF56,0) -> 0 | BI56: =交易记录!F779 -> 0 | BJ56: =交易记录!F810 -> 0 | BK56: =IFERROR((BJ56-$G56)*BI56,0) -> 0 | BL56: =交易记录!F843 -> 0 | BM56: =交易记录!F874 -> 0 | BN56: =IFERROR((BM56-$G56)*BL56,0) -> 0 | BO56: =交易记录!F907 -> 0 | BP56: =交易记录!F938 -> 0 | BQ56: =IFERROR((BP56-$G56)*BO56,0) -> 0
A57: ='维护-日期'!A$5 -> 46268 | B57: 07:00-08:00 | C57: =D57 -> 13.267 | D57: =ROUND(INDEX(持仓数据!$C$3:$AG$26,MATCH('计算过程-数据汇总'!B57,持仓数据!$B$3:$B$26,0),MATCH('计算过程-数据汇总'!A57,'维护-日期'!$B$2:$AF$2,0)),3) -> 13.267 | E57: =D57*1 -> 13.267 | F57: =持仓数据!E79 -> 0.307 | G57: 372 | H57: 372 | I57: 0 | J57: 0 | K57: =IF(持仓数据!E112="",0,持仓数据!E112) -> 372 | L57: =I57*J57 -> 0 | M57: =IFERROR(C57*G57,0) -> 4935.324 | N57: =IFERROR((D57-C57)*(G57-H57),0) -> 0 | O57: =IFERROR((E57-D57)*(G57-H57),0) -> 0 | P57: =IFERROR(F57*(K57-G57),0) -> 0 | Q57: =IFERROR(IF(ABS((E57-C57)/C57)>0.2,IF(SUM(N57:O57)<0,ABS(G57-H57)*(ABS(C57-E57)-C57*0.2),0),0),IF(SUM(N57:O57)<0,ABS(G57-H57)*(ABS(C57-E57)-C57*0.2),0)) -> 0 | R57: =IFERROR(K57*C57,0) -> 4935.324 | S57: =IFERROR((D57-E57)*(K57-G57),0) -> 0 | T57: =IFERROR((F57-D57)*(K57-G57),0) -> 0 | U57: =IFERROR((D57-C57)*(K57-H57),0) -> 0 | V57: =IFERROR((E57-D57)*(K57-H57),0) -> 0 | X57: =ROUND(D57*1.2-SUM(Y57,AB57,AE57,AH57,AK57,AN57,AQ57,AT57,AW57,AZ57,BC57,BF57,BI57,BL57,BO57),3) -> 15.613 | Y57: =交易记录!F12 -> 0.307 | Z57: =交易记录!F43 -> 372 | AA57: =IFERROR((Z57-G57)*Y57,0) -> 0 | AB57: =交易记录!F76 -> 0 | AC57: =交易记录!F107 -> 0 | AD57: =IFERROR((AC57-$G57)*AB57,0) -> 0 | AE57: =交易记录!F140 -> 0 | AF57: =交易记录!F171 -> 0 | AG57: =IFERROR((AF57-$G57)*AE57,0) -> 0 | AH57: =交易记录!F204 -> 0 | AI57: =交易记录!F235 -> 0 | AJ57: =IFERROR((AI57-$G57)*AH57,0) -> 0 | AK57: =交易记录!F268 -> 0 | AL57: =交易记录!F299 -> 0 | AM57: =IFERROR((AL57-$G57)*AK57,0) -> 0 | AN57: =交易记录!F332 -> 0 | AO57: =交易记录!F363 -> 0 | AP57: =IFERROR((AO57-$G57)*AN57,0) -> 0 | AQ57: =交易记录!F396 -> 0 | AR57: =交易记录!F427 -> 0 | AS57: =IFERROR((AR57-$G57)*AQ57,0) -> 0 | AT57: =交易记录!F460 -> 0 | AU57: =交易记录!F491 -> 0 | AV57: =IFERROR((AU57-$G57)*AT57,0) -> 0 | AW57: =交易记录!F524 -> 0 | AX57: =交易记录!F555 -> 0 | AY57: =IFERROR((AX57-$G57)*AW57,0) -> 0 | AZ57: =交易记录!F588 -> 0 | BA57: =交易记录!F619 -> 0 | BB57: =IFERROR((BA57-$G57)*AZ57,0) -> 0 | BC57: =交易记录!F652 -> 0 | BD57: =交易记录!F683 -> 0 | BE57: =IFERROR((BD57-$G57)*BC57,0) -> 0 | BF57: =交易记录!F716 -> 0 | BG57: =交易记录!F747 -> 0 | BH57: =IFERROR((BG57-$G57)*BF57,0) -> 0 | BI57: =交易记录!F780 -> 0 | BJ57: =交易记录!F811 -> 0 | BK57: =IFERROR((BJ57-$G57)*BI57,0) -> 0 | BL57: =交易记录!F844 -> 0 | BM57: =交易记录!F875 -> 0 | BN57: =IFERROR((BM57-$G57)*BL57,0) -> 0 | BO57: =交易记录!F908 -> 0 | BP57: =交易记录!F939 -> 0 | BQ57: =IFERROR((BP57-$G57)*BO57,0) -> 0
A58: ='维护-日期'!A$5 -> 46268 | B58: 08:00-09:00 | C58: =D58 -> 15.796 | D58: =ROUND(INDEX(持仓数据!$C$3:$AG$26,MATCH('计算过程-数据汇总'!B58,持仓数据!$B$3:$B$26,0),MATCH('计算过程-数据汇总'!A58,'维护-日期'!$B$2:$AF$2,0)),3) -> 15.796 | E58: =D58*1 -> 15.796 | F58: =持仓数据!E80 -> 0.428 | G58: 372 | H58: 372 | I58: 0 | J58: 0 | K58: =IF(持仓数据!E113="",0,持仓数据!E113) -> 372 | L58: =I58*J58 -> 0 | M58: =IFERROR(C58*G58,0) -> 5876.112 | N58: =IFERROR((D58-C58)*(G58-H58),0) -> 0 | O58: =IFERROR((E58-D58)*(G58-H58),0) -> 0 | P58: =IFERROR(F58*(K58-G58),0) -> 0 | Q58: =IFERROR(IF(ABS((E58-C58)/C58)>0.2,IF(SUM(N58:O58)<0,ABS(G58-H58)*(ABS(C58-E58)-C58*0.2),0),0),IF(SUM(N58:O58)<0,ABS(G58-H58)*(ABS(C58-E58)-C58*0.2),0)) -> 0 | R58: =IFERROR(K58*C58,0) -> 5876.112 | S58: =IFERROR((D58-E58)*(K58-G58),0) -> 0 | T58: =IFERROR((F58-D58)*(K58-G58),0) -> 0 | U58: =IFERROR((D58-C58)*(K58-H58),0) -> 0 | V58: =IFERROR((E58-D58)*(K58-H58),0) -> 0 | X58: =ROUND(D58*1.2-SUM(Y58,AB58,AE58,AH58,AK58,AN58,AQ58,AT58,AW58,AZ58,BC58,BF58,BI58,BL58,BO58),3) -> 18.527 | Y58: =交易记录!F13 -> 0.428 | Z58: =交易记录!F44 -> 372 | AA58: =IFERROR((Z58-G58)*Y58,0) -> 0 | AB58: =交易记录!F77 -> 0 | AC58: =交易记录!F108 -> 0 | AD58: =IFERROR((AC58-$G58)*AB58,0) -> 0 | AE58: =交易记录!F141 -> 0 | AF58: =交易记录!F172 -> 0 | AG58: =IFERROR((AF58-$G58)*AE58,0) -> 0 | AH58: =交易记录!F205 -> 0 | AI58: =交易记录!F236 -> 0 | AJ58: =IFERROR((AI58-$G58)*AH58,0) -> 0 | AK58: =交易记录!F269 -> 0 | AL58: =交易记录!F300 -> 0 | AM58: =IFERROR((AL58-$G58)*AK58,0) -> 0 | AN58: =交易记录!F333 -> 0 | AO58: =交易记录!F364 -> 0 | AP58: =IFERROR((AO58-$G58)*AN58,0) -> 0 | AQ58: =交易记录!F397 -> 0 | AR58: =交易记录!F428 -> 0 | AS58: =IFERROR((AR58-$G58)*AQ58,0) -> 0 | AT58: =交易记录!F461 -> 0 | AU58: =交易记录!F492 -> 0 | AV58: =IFERROR((AU58-$G58)*AT58,0) -> 0 | AW58: =交易记录!F525 -> 0 | AX58: =交易记录!F556 -> 0 | AY58: =IFERROR((AX58-$G58)*AW58,0) -> 0 | AZ58: =交易记录!F589 -> 0 | BA58: =交易记录!F620 -> 0 | BB58: =IFERROR((BA58-$G58)*AZ58,0) -> 0 | BC58: =交易记录!F653 -> 0 | BD58: =交易记录!F684 -> 0 | BE58: =IFERROR((BD58-$G58)*BC58,0) -> 0 | BF58: =交易记录!F717 -> 0 | BG58: =交易记录!F748 -> 0 | BH58: =IFERROR((BG58-$G58)*BF58,0) -> 0 | BI58: =交易记录!F781 -> 0 | BJ58: =交易记录!F812 -> 0 | BK58: =IFERROR((BJ58-$G58)*BI58,0) -> 0 | BL58: =交易记录!F845 -> 0 | BM58: =交易记录!F876 -> 0 | BN58: =IFERROR((BM58-$G58)*BL58,0) -> 0 | BO58: =交易记录!F909 -> 0 | BP58: =交易记录!F940 -> 0 | BQ58: =IFERROR((BP58-$G58)*BO58,0) -> 0
A59: ='维护-日期'!A$5 -> 46268 | B59: 09:00-10:00 | C59: =D59 -> 19.308 | D59: =ROUND(INDEX(持仓数据!$C$3:$AG$26,MATCH('计算过程-数据汇总'!B59,持仓数据!$B$3:$B$26,0),MATCH('计算过程-数据汇总'!A59,'维护-日期'!$B$2:$AF$2,0)),3) -> 19.308 | E59: =D59*1 -> 19.308 | F59: =持仓数据!E81 -> 0.461 | G59: 372 | H59: 372 | I59: 0 | J59: 0 | K59: =IF(持仓数据!E114="",0,持仓数据!E114) -> 372 | L59: =I59*J59 -> 0 | M59: =IFERROR(C59*G59,0) -> 7182.576 | N59: =IFERROR((D59-C59)*(G59-H59),0) -> 0 | O59: =IFERROR((E59-D59)*(G59-H59),0) -> 0 | P59: =IFERROR(F59*(K59-G59),0) -> 0 | Q59: =IFERROR(IF(ABS((E59-C59)/C59)>0.2,IF(SUM(N59:O59)<0,ABS(G59-H59)*(ABS(C59-E59)-C59*0.2),0),0),IF(SUM(N59:O59)<0,ABS(G59-H59)*(ABS(C59-E59)-C59*0.2),0)) -> 0 | R59: =IFERROR(K59*C59,0) -> 7182.576 | S59: =IFERROR((D59-E59)*(K59-G59),0) -> 0 | T59: =IFERROR((F59-D59)*(K59-G59),0) -> 0 | U59: =IFERROR((D59-C59)*(K59-H59),0) -> 0 | V59: =IFERROR((E59-D59)*(K59-H59),0) -> 0 | X59: =ROUND(D59*1.2-SUM(Y59,AB59,AE59,AH59,AK59,AN59,AQ59,AT59,AW59,AZ59,BC59,BF59,BI59,BL59,BO59),3) -> 22.709 | Y59: =交易记录!F14 -> 0.461 | Z59: =交易记录!F45 -> 372 | AA59: =IFERROR((Z59-G59)*Y59,0) -> 0 | AB59: =交易记录!F78 -> 0 | AC59: =交易记录!F109 -> 0 | AD59: =IFERROR((AC59-$G59)*AB59,0) -> 0 | AE59: =交易记录!F142 -> 0 | AF59: =交易记录!F173 -> 0 | AG59: =IFERROR((AF59-$G59)*AE59,0) -> 0 | AH59: =交易记录!F206 -> 0 | AI59: =交易记录!F237 -> 0 | AJ59: =IFERROR((AI59-$G59)*AH59,0) -> 0 | AK59: =交易记录!F270 -> 0 | AL59: =交易记录!F301 -> 0 | AM59: =IFERROR((AL59-$G59)*AK59,0) -> 0 | AN59: =交易记录!F334 -> 0 | AO59: =交易记录!F365 -> 0 | AP59: =IFERROR((AO59-$G59)*AN59,0) -> 0 | AQ59: =交易记录!F398 -> 0 | AR59: =交易记录!F429 -> 0 | AS59: =IFERROR((AR59-$G59)*AQ59,0) -> 0 | AT59: =交易记录!F462 -> 0 | AU59: =交易记录!F493 -> 0 | AV59: =IFERROR((AU59-$G59)*AT59,0) -> 0 | AW59: =交易记录!F526 -> 0 | AX59: =交易记录!F557 -> 0 | AY59: =IFERROR((AX59-$G59)*AW59,0) -> 0 | AZ59: =交易记录!F590 -> 0 | BA59: =交易记录!F621 -> 0 | BB59: =IFERROR((BA59-$G59)*AZ59,0) -> 0 | BC59: =交易记录!F654 -> 0 | BD59: =交易记录!F685 -> 0 | BE59: =IFERROR((BD59-$G59)*BC59,0) -> 0 | BF59: =交易记录!F718 -> 0 | BG59: =交易记录!F749 -> 0 | BH59: =IFERROR((BG59-$G59)*BF59,0) -> 0 | BI59: =交易记录!F782 -> 0 | BJ59: =交易记录!F813 -> 0 | BK59: =IFERROR((BJ59-$G59)*BI59,0) -> 0 | BL59: =交易记录!F846 -> 0 | BM59: =交易记录!F877 -> 0 | BN59: =IFERROR((BM59-$G59)*BL59,0) -> 0 | BO59: =交易记录!F910 -> 0 | BP59: =交易记录!F941 -> 0 | BQ59: =IFERROR((BP59-$G59)*BO59,0) -> 0
A60: ='维护-日期'!A$5 -> 46268 | B60: 10:00-11:00 | C60: =D60 -> 21.01 | D60: =ROUND(INDEX(持仓数据!$C$3:$AG$26,MATCH('计算过程-数据汇总'!B60,持仓数据!$B$3:$B$26,0),MATCH('计算过程-数据汇总'!A60,'维护-日期'!$B$2:$AF$2,0)),3) -> 21.01 | E60: =D60*1 -> 21.01 | F60: =持仓数据!E82 -> 0.467 | G60: 372 | H60: 372 | I60: 0 | J60: 0 | K60: =IF(持仓数据!E115="",0,持仓数据!E115) -> 372 | L60: =I60*J60 -> 0 | M60: =IFERROR(C60*G60,0) -> 7815.72 | N60: =IFERROR((D60-C60)*(G60-H60),0) -> 0 | O60: =IFERROR((E60-D60)*(G60-H60),0) -> 0 | P60: =IFERROR(F60*(K60-G60),0) -> 0 | Q60: =IFERROR(IF(ABS((E60-C60)/C60)>0.2,IF(SUM(N60:O60)<0,ABS(G60-H60)*(ABS(C60-E60)-C60*0.2),0),0),IF(SUM(N60:O60)<0,ABS(G60-H60)*(ABS(C60-E60)-C60*0.2),0)) -> 0 | R60: =IFERROR(K60*C60,0) -> 7815.72 | S60: =IFERROR((D60-E60)*(K60-G60),0) -> 0 | T60: =IFERROR((F60-D60)*(K60-G60),0) -> 0 | U60: =IFERROR((D60-C60)*(K60-H60),0) -> 0 | V60: =IFERROR((E60-D60)*(K60-H60),0) -> 0 | X60: =ROUND(D60*1.2-SUM(Y60,AB60,AE60,AH60,AK60,AN60,AQ60,AT60,AW60,AZ60,BC60,BF60,BI60,BL60,BO60),3) -> 24.745 | Y60: =交易记录!F15 -> 0.467 | Z60: =交易记录!F46 -> 372 | AA60: =IFERROR((Z60-G60)*Y60,0) -> 0 | AB60: =交易记录!F79 -> 0 | AC60: =交易记录!F110 -> 0 | AD60: =IFERROR((AC60-$G60)*AB60,0) -> 0 | AE60: =交易记录!F143 -> 0 | AF60: =交易记录!F174 -> 0 | AG60: =IFERROR((AF60-$G60)*AE60,0) -> 0 | AH60: =交易记录!F207 -> 0 | AI60: =交易记录!F238 -> 0 | AJ60: =IFERROR((AI60-$G60)*AH60,0) -> 0 | AK60: =交易记录!F271 -> 0 | AL60: =交易记录!F302 -> 0 | AM60: =IFERROR((AL60-$G60)*AK60,0) -> 0 | AN60: =交易记录!F335 -> 0 | AO60: =交易记录!F366 -> 0 | AP60: =IFERROR((AO60-$G60)*AN60,0) -> 0 | AQ60: =交易记录!F399 -> 0 | AR60: =交易记录!F430 -> 0 | AS60: =IFERROR((AR60-$G60)*AQ60,0) -> 0 | AT60: =交易记录!F463 -> 0 | AU60: =交易记录!F494 -> 0 | AV60: =IFERROR((AU60-$G60)*AT60,0) -> 0 | AW60: =交易记录!F527 -> 0 | AX60: =交易记录!F558 -> 0 | AY60: =IFERROR((AX60-$G60)*AW60,0) -> 0 | AZ60: =交易记录!F591 -> 0 | BA60: =交易记录!F622 -> 0 | BB60: =IFERROR((BA60-$G60)*AZ60,0) -> 0 | BC60: =交易记录!F655 -> 0 | BD60: =交易记录!F686 -> 0 | BE60: =IFERROR((BD60-$G60)*BC60,0) -> 0 | BF60: =交易记录!F719 -> 0 | BG60: =交易记录!F750 -> 0 | BH60: =IFERROR((BG60-$G60)*BF60,0) -> 0 | BI60: =交易记录!F783 -> 0 | BJ60: =交易记录!F814 -> 0 | BK60: =IFERROR((BJ60-$G60)*BI60,0) -> 0 | BL60: =交易记录!F847 -> 0 | BM60: =交易记录!F878 -> 0 | BN60: =IFERROR((BM60-$G60)*BL60,0) -> 0 | BO60: =交易记录!F911 -> 0 | BP60: =交易记录!F942 -> 0 | BQ60: =IFERROR((BP60-$G60)*BO60,0) -> 0
A61: ='维护-日期'!A$5 -> 46268 | B61: 11:00-12:00 | C61: =D61 -> 21.329 | D61: =ROUND(INDEX(持仓数据!$C$3:$AG$26,MATCH('计算过程-数据汇总'!B61,持仓数据!$B$3:$B$26,0),MATCH('计算过程-数据汇总'!A61,'维护-日期'!$B$2:$AF$2,0)),3) -> 21.329 | E61: =D61*1 -> 21.329 | F61: =持仓数据!E83 -> 0.321 | G61: 372 | H61: 372 | I61: 0 | J61: 0 | K61: =IF(持仓数据!E116="",0,持仓数据!E116) -> 372 | L61: =I61*J61 -> 0 | M61: =IFERROR(C61*G61,0) -> 7934.388 | N61: =IFERROR((D61-C61)*(G61-H61),0) -> 0 | O61: =IFERROR((E61-D61)*(G61-H61),0) -> 0 | P61: =IFERROR(F61*(K61-G61),0) -> 0 | Q61: =IFERROR(IF(ABS((E61-C61)/C61)>0.2,IF(SUM(N61:O61)<0,ABS(G61-H61)*(ABS(C61-E61)-C61*0.2),0),0),IF(SUM(N61:O61)<0,ABS(G61-H61)*(ABS(C61-E61)-C61*0.2),0)) -> 0 | R61: =IFERROR(K61*C61,0) -> 7934.388 | S61: =IFERROR((D61-E61)*(K61-G61),0) -> 0 | T61: =IFERROR((F61-D61)*(K61-G61),0) -> 0 | U61: =IFERROR((D61-C61)*(K61-H61),0) -> 0 | V61: =IFERROR((E61-D61)*(K61-H61),0) -> 0 | X61: =ROUND(D61*1.2-SUM(Y61,AB61,AE61,AH61,AK61,AN61,AQ61,AT61,AW61,AZ61,BC61,BF61,BI61,BL61,BO61),3) -> 25.274 | Y61: =交易记录!F16 -> 0.321 | Z61: =交易记录!F47 -> 372 | AA61: =IFERROR((Z61-G61)*Y61,0) -> 0 | AB61: =交易记录!F80 -> 0 | AC61: =交易记录!F111 -> 0 | AD61: =IFERROR((AC61-$G61)*AB61,0) -> 0 | AE61: =交易记录!F144 -> 0 | AF61: =交易记录!F175 -> 0 | AG61: =IFERROR((AF61-$G61)*AE61,0) -> 0 | AH61: =交易记录!F208 -> 0 | AI61: =交易记录!F239 -> 0 | AJ61: =IFERROR((AI61-$G61)*AH61,0) -> 0 | AK61: =交易记录!F272 -> 0 | AL61: =交易记录!F303 -> 0 | AM61: =IFERROR((AL61-$G61)*AK61,0) -> 0 | AN61: =交易记录!F336 -> 0 | AO61: =交易记录!F367 -> 0 | AP61: =IFERROR((AO61-$G61)*AN61,0) -> 0 | AQ61: =交易记录!F400 -> 0 | AR61: =交易记录!F431 -> 0 | AS61: =IFERROR((AR61-$G61)*AQ61,0) -> 0 | AT61: =交易记录!F464 -> 0 | AU61: =交易记录!F495 -> 0 | AV61: =IFERROR((AU61-$G61)*AT61,0) -> 0 | AW61: =交易记录!F528 -> 0 | AX61: =交易记录!F559 -> 0 | AY61: =IFERROR((AX61-$G61)*AW61,0) -> 0 | AZ61: =交易记录!F592 -> 0 | BA61: =交易记录!F623 -> 0 | BB61: =IFERROR((BA61-$G61)*AZ61,0) -> 0 | BC61: =交易记录!F656 -> 0 | BD61: =交易记录!F687 -> 0 | BE61: =IFERROR((BD61-$G61)*BC61,0) -> 0 | BF61: =交易记录!F720 -> 0 | BG61: =交易记录!F751 -> 0 | BH61: =IFERROR((BG61-$G61)*BF61,0) -> 0 | BI61: =交易记录!F784 -> 0 | BJ61: =交易记录!F815 -> 0 | BK61: =IFERROR((BJ61-$G61)*BI61,0) -> 0 | BL61: =交易记录!F848 -> 0 | BM61: =交易记录!F879 -> 0 | BN61: =IFERROR((BM61-$G61)*BL61,0) -> 0 | BO61: =交易记录!F912 -> 0 | BP61: =交易记录!F943 -> 0 | BQ61: =IFERROR((BP61-$G61)*BO61,0) -> 0
... A73: ='维护-日期'!A$5 -> 46268 | B73: 23:00-24:00 | C73: =D73 -> 16.963 | D73: =ROUND(INDEX(持仓数据!$C$3:$AG$26,MATCH('计算过程-数据汇总'!B73,持仓数据!$B$3:$B$26,0),MATCH('计算过程-数据汇总'!A73,'维护-日期'!$B$2:$AF$2,0)),3) -> 16.963 | E73: =D73*1 -> 16.963 | F73: =持仓数据!E95 -> 0.333 | G73: 372 | H73: 372 | I73: 0 | J73: 0 | K73: =IF(持仓数据!E128="",0,持仓数据!E128) -> 372 | L73: =I73*J73 -> 0 | M73: =IFERROR(C73*G73,0) -> 6310.236 | N73: =IFERROR((D73-C73)*(G73-H73),0) -> 0 | O73: =IFERROR((E73-D73)*(G73-H73),0) -> 0 | P73: =IFERROR(F73*(K73-G73),0) -> 0 | Q73: =IFERROR(IF(ABS((E73-C73)/C73)>0.2,IF(SUM(N73:O73)<0,ABS(G73-H73)*(ABS(C73-E73)-C73*0.2),0),0),IF(SUM(N73:O73)<0,ABS(G73-H73)*(ABS(C73-E73)-C73*0.2),0)) -> 0 | R73: =IFERROR(K73*C73,0) -> 6310.236 | S73: =IFERROR((D73-E73)*(K73-G73),0) -> 0 | T73: =IFERROR((F73-D73)*(K73-G73),0) -> 0 | U73: =IFERROR((D73-C73)*(K73-H73),0) -> 0 | V73: =IFERROR((E73-D73)*(K73-H73),0) -> 0 | X73: =ROUND(D73*1.2-SUM(Y73,AB73,AE73,AH73,AK73,AN73,AQ73,AT73,AW73,AZ73,BC73,BF73,BI73,BL73,BO73),3) -> 20.023 | Y73: =交易记录!F28 -> 0.333 | Z73: =交易记录!F59 -> 372 | AA73: =IFERROR((Z73-G73)*Y73,0) -> 0 | AB73: =交易记录!F92 -> 0 | AC73: =交易记录!F123 -> 0 | AD73: =IFERROR((AC73-$G73)*AB73,0) -> 0 | AE73: =交易记录!F156 -> 0 | AF73: =交易记录!F187 -> 0 | AG73: =IFERROR((AF73-$G73)*AE73,0) -> 0 | AH73: =交易记录!F220 -> 0 | AI73: =交易记录!F251 -> 0 | AJ73: =IFERROR((AI73-$G73)*AH73,0) -> 0 | AK73: =交易记录!F284 -> 0 | AL73: =交易记录!F315 -> 0 | AM73: =IFERROR((AL73-$G73)*AK73,0) -> 0 | AN73: =交易记录!F348 -> 0 | AO73: =交易记录!F379 -> 0 | AP73: =IFERROR((AO73-$G73)*AN73,0) -> 0 | AQ73: =交易记录!F412 -> 0 | AR73: =交易记录!F443 -> 0 | AS73: =IFERROR((AR73-$G73)*AQ73,0) -> 0 | AT73: =交易记录!F476 -> 0 | AU73: =交易记录!F507 -> 0 | AV73: =IFERROR((AU73-$G73)*AT73,0) -> 0 | AW73: =交易记录!F540 -> 0 | AX73: =交易记录!F571 -> 0 | AY73: =IFERROR((AX73-$G73)*AW73,0) -> 0 | AZ73: =交易记录!F604 -> 0 | BA73: =交易记录!F635 -> 0 | BB73: =IFERROR((BA73-$G73)*AZ73,0) -> 0 | BC73: =交易记录!F668 -> 0 | BD73: =交易记录!F699 -> 0 | BE73: =IFERROR((BD73-$G73)*BC73,0) -> 0 | BF73: =交易记录!F732 -> 0 | BG73: =交易记录!F763 -> 0 | BH73: =IFERROR((BG73-$G73)*BF73,0) -> 0 | BI73: =交易记录!F796 -> 0 | BJ73: =交易记录!F827 -> 0 | BK73: =IFERROR((BJ73-$G73)*BI73,0) -> 0 | BL73: =交易记录!F860 -> 0 | BM73: =交易记录!F891 -> 0 | BN73: =IFERROR((BM73-$G73)*BL73,0) -> 0 | BO73: =交易记录!F924 -> 0 | BP73: =交易记录!F955 -> 0 | BQ73: =IFERROR((BP73-$G73)*BO73,0) -> 0
A74: ='维护-日期'!A$6 -> 46269 | B74: 00:00-01:00 | C74: =D74 -> 16.656 | D74: =ROUND(INDEX(持仓数据!$C$3:$AG$26,MATCH('计算过程-数据汇总'!B74,持仓数据!$B$3:$B$26,0),MATCH('计算过程-数据汇总'!A74,'维护-日期'!$B$2:$AF$2,0)),3) -> 16.656 | E74: =D74*1 -> 16.656 | F74: =持仓数据!F72 -> 0.397 | G74: 372 | H74: 372 | I74: 0 | J74: 0 | K74: =IF(持仓数据!F105="",0,持仓数据!F105) -> 372 | L74: =I74*J74 -> 0 | M74: =IFERROR(C74*G74,0) -> 6196.032 | N74: =IFERROR((D74-C74)*(G74-H74),0) -> 0 | O74: =IFERROR((E74-D74)*(G74-H74),0) -> 0 | P74: =IFERROR(F74*(K74-G74),0) -> 0 | Q74: =IFERROR(IF(ABS((E74-C74)/C74)>0.2,IF(SUM(N74:O74)<0,ABS(G74-H74)*(ABS(C74-E74)-C74*0.2),0),0),IF(SUM(N74:O74)<0,ABS(G74-H74)*(ABS(C74-E74)-C74*0.2),0)) -> 0 | R74: =IFERROR(K74*C74,0) -> 6196.032 | S74: =IFERROR((D74-E74)*(K74-G74),0) -> 0 | T74: =IFERROR((F74-D74)*(K74-G74),0) -> 0 | U74: =IFERROR((D74-C74)*(K74-H74),0) -> 0 | V74: =IFERROR((E74-D74)*(K74-H74),0) -> 0 | X74: =ROUND(D74*1.2-SUM(Y74,AB74,AE74,AH74,AK74,AN74,AQ74,AT74,AW74,AZ74,BC74,BF74,BI74,BL74,BO74),3) -> 19.59 | Y74: =交易记录!G5 -> 0.397 | Z74: =交易记录!G36 -> 372 | AA74: =IFERROR((Z74-G74)*Y74,0) -> 0 | AB74: =交易记录!G69 -> 0 | AC74: =交易记录!G100 -> 0 | AD74: =IFERROR((AC74-$G74)*AB74,0) -> 0 | AE74: =交易记录!G133 -> 0 | AF74: =交易记录!G164 -> 0 | AG74: =IFERROR((AF74-$G74)*AE74,0) -> 0 | AH74: =交易记录!G197 -> 0 | AI74: =交易记录!G228 -> 0 | AJ74: =IFERROR((AI74-$G74)*AH74,0) -> 0 | AK74: =交易记录!G261 -> 0 | AL74: =交易记录!G292 -> 0 | AM74: =IFERROR((AL74-$G74)*AK74,0) -> 0 | AN74: =交易记录!G325 -> 0 | AO74: =交易记录!G356 -> 0 | AP74: =IFERROR((AO74-$G74)*AN74,0) -> 0 | AQ74: =交易记录!G389 -> 0 | AR74: =交易记录!G420 -> 0 | AS74: =IFERROR((AR74-$G74)*AQ74,0) -> 0 | AT74: =交易记录!G453 -> 0 | AU74: =交易记录!G484 -> 0 | AV74: =IFERROR((AU74-$G74)*AT74,0) -> 0 | AW74: =交易记录!G517 -> 0 | AX74: =交易记录!G548 -> 0 | AY74: =IFERROR((AX74-$G74)*AW74,0) -> 0 | AZ74: =交易记录!G581 -> 0 | BA74: =交易记录!G612 -> 0 | BB74: =IFERROR((BA74-$G74)*AZ74,0) -> 0 | BC74: =交易记录!G645 -> 0 | BD74: =交易记录!G676 -> 0 | BE74: =IFERROR((BD74-$G74)*BC74,0) -> 0 | BF74: =交易记录!G709 -> 0 | BG74: =交易记录!G740 -> 0 | BH74: =IFERROR((BG74-$G74)*BF74,0) -> 0 | BI74: =交易记录!G773 -> 0 | BJ74: =交易记录!G804 -> 0 | BK74: =IFERROR((BJ74-$G74)*BI74,0) -> 0 | BL74: =交易记录!G837 -> 0 | BM74: =交易记录!G868 -> 0 | BN74: =IFERROR((BM74-$G74)*BL74,0) -> 0 | BO74: =交易记录!G901 -> 0 | BP74: =交易记录!G932 -> 0 | BQ74: =IFERROR((BP74-$G74)*BO74,0) -> 0
A75: ='维护-日期'!A$6 -> 46269 | B75: 01:00-02:00 | C75: =D75 -> 15.792 | D75: =ROUND(INDEX(持仓数据!$C$3:$AG$26,MATCH('计算过程-数据汇总'!B75,持仓数据!$B$3:$B$26,0),MATCH('计算过程-数据汇总'!A75,'维护-日期'!$B$2:$AF$2,0)),3) -> 15.792 | E75: =D75*1 -> 15.792 | F75: =持仓数据!F73 -> 0.265 | G75: 372 | H75: 372 | I75: 0 | J75: 0 | K75: =IF(持仓数据!F106="",0,持仓数据!F106) -> 372 | L75: =I75*J75 -> 0 | M75: =IFERROR(C75*G75,0) -> 5874.624 | N75: =IFERROR((D75-C75)*(G75-H75),0) -> 0 | O75: =IFERROR((E75-D75)*(G75-H75),0) -> 0 | P75: =IFERROR(F75*(K75-G75),0) -> 0 | Q75: =IFERROR(IF(ABS((E75-C75)/C75)>0.2,IF(SUM(N75:O75)<0,ABS(G75-H75)*(ABS(C75-E75)-C75*0.2),0),0),IF(SUM(N75:O75)<0,ABS(G75-H75)*(ABS(C75-E75)-C75*0.2),0)) -> 0 | R75: =IFERROR(K75*C75,0) -> 5874.624 | S75: =IFERROR((D75-E75)*(K75-G75),0) -> 0 | T75: =IFERROR((F75-D75)*(K75-G75),0) -> 0 | U75: =IFERROR((D75-C75)*(K75-H75),0) -> 0 | V75: =IFERROR((E75-D75)*(K75-H75),0) -> 0 | X75: =ROUND(D75*1.2-SUM(Y75,AB75,AE75,AH75,AK75,AN75,AQ75,AT75,AW75,AZ75,BC75,BF75,BI75,BL75,BO75),3) -> 18.685 | Y75: =交易记录!G6 -> 0.265 | Z75: =交易记录!G37 -> 372 | AA75: =IFERROR((Z75-G75)*Y75,0) -> 0 | AB75: =交易记录!G70 -> 0 | AC75: =交易记录!G101 -> 0 | AD75: =IFERROR((AC75-$G75)*AB75,0) -> 0 | AE75: =交易记录!G134 -> 0 | AF75: =交易记录!G165 -> 0 | AG75: =IFERROR((AF75-$G75)*AE75,0) -> 0 | AH75: =交易记录!G198 -> 0 | AI75: =交易记录!G229 -> 0 | AJ75: =IFERROR((AI75-$G75)*AH75,0) -> 0 | AK75: =交易记录!G262 -> 0 | AL75: =交易记录!G293 -> 0 | AM75: =IFERROR((AL75-$G75)*AK75,0) -> 0 | AN75: =交易记录!G326 -> 0 | AO75: =交易记录!G357 -> 0 | AP75: =IFERROR((AO75-$G75)*AN75,0) -> 0 | AQ75: =交易记录!G390 -> 0 | AR75: =交易记录!G421 -> 0 | AS75: =IFERROR((AR75-$G75)*AQ75,0) -> 0 | AT75: =交易记录!G454 -> 0 | AU75: =交易记录!G485 -> 0 | AV75: =IFERROR((AU75-$G75)*AT75,0) -> 0 | AW75: =交易记录!G518 -> 0 | AX75: =交易记录!G549 -> 0 | AY75: =IFERROR((AX75-$G75)*AW75,0) -> 0 | AZ75: =交易记录!G582 -> 0 | BA75: =交易记录!G613 -> 0 | BB75: =IFERROR((BA75-$G75)*AZ75,0) -> 0 | BC75: =交易记录!G646 -> 0 | BD75: =交易记录!G677 -> 0 | BE75: =IFERROR((BD75-$G75)*BC75,0) -> 0 | BF75: =交易记录!G710 -> 0 | BG75: =交易记录!G741 -> 0 | BH75: =IFERROR((BG75-$G75)*BF75,0) -> 0 | BI75: =交易记录!G774 -> 0 | BJ75: =交易记录!G805 -> 0 | BK75: =IFERROR((BJ75-$G75)*BI75,0) -> 0 | BL75: =交易记录!G838 -> 0 | BM75: =交易记录!G869 -> 0 | BN75: =IFERROR((BM75-$G75)*BL75,0) -> 0 | BO75: =交易记录!G902 -> 0 | BP75: =交易记录!G933 -> 0 | BQ75: =IFERROR((BP75-$G75)*BO75,0) -> 0
A76: ='维护-日期'!A$6 -> 46269 | B76: 02:00-03:00 | C76: =D76 -> 14.822 | D76: =ROUND(INDEX(持仓数据!$C$3:$AG$26,MATCH('计算过程-数据汇总'!B76,持仓数据!$B$3:$B$26,0),MATCH('计算过程-数据汇总'!A76,'维护-日期'!$B$2:$AF$2,0)),3) -> 14.822 | E76: =D76*1 -> 14.822 | F76: =持仓数据!F74 -> 0.242 | G76: 372 | H76: 372 | I76: 0 | J76: 0 | K76: =IF(持仓数据!F107="",0,持仓数据!F107) -> 372 | L76: =I76*J76 -> 0 | M76: =IFERROR(C76*G76,0) -> 5513.784 | N76: =IFERROR((D76-C76)*(G76-H76),0) -> 0 | O76: =IFERROR((E76-D76)*(G76-H76),0) -> 0 | P76: =IFERROR(F76*(K76-G76),0) -> 0 | Q76: =IFERROR(IF(ABS((E76-C76)/C76)>0.2,IF(SUM(N76:O76)<0,ABS(G76-H76)*(ABS(C76-E76)-C76*0.2),0),0),IF(SUM(N76:O76)<0,ABS(G76-H76)*(ABS(C76-E76)-C76*0.2),0)) -> 0 | R76: =IFERROR(K76*C76,0) -> 5513.784 | S76: =IFERROR((D76-E76)*(K76-G76),0) -> 0 | T76: =IFERROR((F76-D76)*(K76-G76),0) -> 0 | U76: =IFERROR((D76-C76)*(K76-H76),0) -> 0 | V76: =IFERROR((E76-D76)*(K76-H76),0) -> 0 | X76: =ROUND(D76*1.2-SUM(Y76,AB76,AE76,AH76,AK76,AN76,AQ76,AT76,AW76,AZ76,BC76,BF76,BI76,BL76,BO76),3) -> 17.544 | Y76: =交易记录!G7 -> 0.242 | Z76: =交易记录!G38 -> 372 | AA76: =IFERROR((Z76-G76)*Y76,0) -> 0 | AB76: =交易记录!G71 -> 0 | AC76: =交易记录!G102 -> 0 | AD76: =IFERROR((AC76-$G76)*AB76,0) -> 0 | AE76: =交易记录!G135 -> 0 | AF76: =交易记录!G166 -> 0 | AG76: =IFERROR((AF76-$G76)*AE76,0) -> 0 | AH76: =交易记录!G199 -> 0 | AI76: =交易记录!G230 -> 0 | AJ76: =IFERROR((AI76-$G76)*AH76,0) -> 0 | AK76: =交易记录!G263 -> 0 | AL76: =交易记录!G294 -> 0 | AM76: =IFERROR((AL76-$G76)*AK76,0) -> 0 | AN76: =交易记录!G327 -> 0 | AO76: =交易记录!G358 -> 0 | AP76: =IFERROR((AO76-$G76)*AN76,0) -> 0 | AQ76: =交易记录!G391 -> 0 | AR76: =交易记录!G422 -> 0 | AS76: =IFERROR((AR76-$G76)*AQ76,0) -> 0 | AT76: =交易记录!G455 -> 0 | AU76: =交易记录!G486 -> 0 | AV76: =IFERROR((AU76-$G76)*AT76,0) -> 0 | AW76: =交易记录!G519 -> 0 | AX76: =交易记录!G550 -> 0 | AY76: =IFERROR((AX76-$G76)*AW76,0) -> 0 | AZ76: =交易记录!G583 -> 0 | BA76: =交易记录!G614 -> 0 | BB76: =IFERROR((BA76-$G76)*AZ76,0) -> 0 | BC76: =交易记录!G647 -> 0 | BD76: =交易记录!G678 -> 0 | BE76: =IFERROR((BD76-$G76)*BC76,0) -> 0 | BF76: =交易记录!G711 -> 0 | BG76: =交易记录!G742 -> 0 | BH76: =IFERROR((BG76-$G76)*BF76,0) -> 0 | BI76: =交易记录!G775 -> 0 | BJ76: =交易记录!G806 -> 0 | BK76: =IFERROR((BJ76-$G76)*BI76,0) -> 0 | BL76: =交易记录!G839 -> 0 | BM76: =交易记录!G870 -> 0 | BN76: =IFERROR((BM76-$G76)*BL76,0) -> 0 | BO76: =交易记录!G903 -> 0 | BP76: =交易记录!G934 -> 0 | BQ76: =IFERROR((BP76-$G76)*BO76,0) -> 0
A77: ='维护-日期'!A$6 -> 46269 | B77: 03:00-04:00 | C77: =D77 -> 13.817 | D77: =ROUND(INDEX(持仓数据!$C$3:$AG$26,MATCH('计算过程-数据汇总'!B77,持仓数据!$B$3:$B$26,0),MATCH('计算过程-数据汇总'!A77,'维护-日期'!$B$2:$AF$2,0)),3) -> 13.817 | E77: =D77*1 -> 13.817 | F77: =持仓数据!F75 -> 0.09 | G77: 372 | H77: 372 | I77: 0 | J77: 0 | K77: =IF(持仓数据!F108="",0,持仓数据!F108) -> 372 | L77: =I77*J77 -> 0 | M77: =IFERROR(C77*G77,0) -> 5139.924 | N77: =IFERROR((D77-C77)*(G77-H77),0) -> 0 | O77: =IFERROR((E77-D77)*(G77-H77),0) -> 0 | P77: =IFERROR(F77*(K77-G77),0) -> 0 | Q77: =IFERROR(IF(ABS((E77-C77)/C77)>0.2,IF(SUM(N77:O77)<0,ABS(G77-H77)*(ABS(C77-E77)-C77*0.2),0),0),IF(SUM(N77:O77)<0,ABS(G77-H77)*(ABS(C77-E77)-C77*0.2),0)) -> 0 | R77: =IFERROR(K77*C77,0) -> 5139.924 | S77: =IFERROR((D77-E77)*(K77-G77),0) -> 0 | T77: =IFERROR((F77-D77)*(K77-G77),0) -> 0 | U77: =IFERROR((D77-C77)*(K77-H77),0) -> 0 | V77: =IFERROR((E77-D77)*(K77-H77),0) -> 0 | X77: =ROUND(D77*1.2-SUM(Y77,AB77,AE77,AH77,AK77,AN77,AQ77,AT77,AW77,AZ77,BC77,BF77,BI77,BL77,BO77),3) -> 16.49 | Y77: =交易记录!G8 -> 0.09 | Z77: =交易记录!G39 -> 372 | AA77: =IFERROR((Z77-G77)*Y77,0) -> 0 | AB77: =交易记录!G72 -> 0 | AC77: =交易记录!G103 -> 0 | AD77: =IFERROR((AC77-$G77)*AB77,0) -> 0 | AE77: =交易记录!G136 -> 0 | AF77: =交易记录!G167 -> 0 | AG77: =IFERROR((AF77-$G77)*AE77,0) -> 0 | AH77: =交易记录!G200 -> 0 | AI77: =交易记录!G231 -> 0 | AJ77: =IFERROR((AI77-$G77)*AH77,0) -> 0 | AK77: =交易记录!G264 -> 0 | AL77: =交易记录!G295 -> 0 | AM77: =IFERROR((AL77-$G77)*AK77,0) -> 0 | AN77: =交易记录!G328 -> 0 | AO77: =交易记录!G359 -> 0 | AP77: =IFERROR((AO77-$G77)*AN77,0) -> 0 | AQ77: =交易记录!G392 -> 0 | AR77: =交易记录!G423 -> 0 | AS77: =IFERROR((AR77-$G77)*AQ77,0) -> 0 | AT77: =交易记录!G456 -> 0 | AU77: =交易记录!G487 -> 0 | AV77: =IFERROR((AU77-$G77)*AT77,0) -> 0 | AW77: =交易记录!G520 -> 0 | AX77: =交易记录!G551 -> 0 | AY77: =IFERROR((AX77-$G77)*AW77,0) -> 0 | AZ77: =交易记录!G584 -> 0 | BA77: =交易记录!G615 -> 0 | BB77: =IFERROR((BA77-$G77)*AZ77,0) -> 0 | BC77: =交易记录!G648 -> 0 | BD77: =交易记录!G679 -> 0 | BE77: =IFERROR((BD77-$G77)*BC77,0) -> 0 | BF77: =交易记录!G712 -> 0 | BG77: =交易记录!G743 -> 0 | BH77: =IFERROR((BG77-$G77)*BF77,0) -> 0 | BI77: =交易记录!G776 -> 0 | BJ77: =交易记录!G807 -> 0 | BK77: =IFERROR((BJ77-$G77)*BI77,0) -> 0 | BL77: =交易记录!G840 -> 0 | BM77: =交易记录!G871 -> 0 | BN77: =IFERROR((BM77-$G77)*BL77,0) -> 0 | BO77: =交易记录!G904 -> 0 | BP77: =交易记录!G935 -> 0 | BQ77: =IFERROR((BP77-$G77)*BO77,0) -> 0
A78: ='维护-日期'!A$6 -> 46269 | B78: 04:00-05:00 | C78: =D78 -> 13.388 | D78: =ROUND(INDEX(持仓数据!$C$3:$AG$26,MATCH('计算过程-数据汇总'!B78,持仓数据!$B$3:$B$26,0),MATCH('计算过程-数据汇总'!A78,'维护-日期'!$B$2:$AF$2,0)),3) -> 13.388 | E78: =D78*1 -> 13.388 | F78: =持仓数据!F76 -> 0.087 | G78: 372 | H78: 372 | I78: 0 | J78: 0 | K78: =IF(持仓数据!F109="",0,持仓数据!F109) -> 372 | L78: =I78*J78 -> 0 | M78: =IFERROR(C78*G78,0) -> 4980.336 | N78: =IFERROR((D78-C78)*(G78-H78),0) -> 0 | O78: =IFERROR((E78-D78)*(G78-H78),0) -> 0 | P78: =IFERROR(F78*(K78-G78),0) -> 0 | Q78: =IFERROR(IF(ABS((E78-C78)/C78)>0.2,IF(SUM(N78:O78)<0,ABS(G78-H78)*(ABS(C78-E78)-C78*0.2),0),0),IF(SUM(N78:O78)<0,ABS(G78-H78)*(ABS(C78-E78)-C78*0.2),0)) -> 0 | R78: =IFERROR(K78*C78,0) -> 4980.336 | S78: =IFERROR((D78-E78)*(K78-G78),0) -> 0 | T78: =IFERROR((F78-D78)*(K78-G78),0) -> 0 | U78: =IFERROR((D78-C78)*(K78-H78),0) -> 0 | V78: =IFERROR((E78-D78)*(K78-H78),0) -> 0 | X78: =ROUND(D78*1.2-SUM(Y78,AB78,AE78,AH78,AK78,AN78,AQ78,AT78,AW78,AZ78,BC78,BF78,BI78,BL78,BO78),3) -> 15.979 | Y78: =交易记录!G9 -> 0.087 | Z78: =交易记录!G40 -> 372 | AA78: =IFERROR((Z78-G78)*Y78,0) -> 0 | AB78: =交易记录!G73 -> 0 | AC78: =交易记录!G104 -> 0 | AD78: =IFERROR((AC78-$G78)*AB78,0) -> 0 | AE78: =交易记录!G137 -> 0 | AF78: =交易记录!G168 -> 0 | AG78: =IFERROR((AF78-$G78)*AE78,0) -> 0 | AH78: =交易记录!G201 -> 0 | AI78: =交易记录!G232 -> 0 | AJ78: =IFERROR((AI78-$G78)*AH78,0) -> 0 | AK78: =交易记录!G265 -> 0 | AL78: =交易记录!G296 -> 0 | AM78: =IFERROR((AL78-$G78)*AK78,0) -> 0 | AN78: =交易记录!G329 -> 0 | AO78: =交易记录!G360 -> 0 | AP78: =IFERROR((AO78-$G78)*AN78,0) -> 0 | AQ78: =交易记录!G393 -> 0 | AR78: =交易记录!G424 -> 0 | AS78: =IFERROR((AR78-$G78)*AQ78,0) -> 0 | AT78: =交易记录!G457 -> 0 | AU78: =交易记录!G488 -> 0 | AV78: =IFERROR((AU78-$G78)*AT78,0) -> 0 | AW78: =交易记录!G521 -> 0 | AX78: =交易记录!G552 -> 0 | AY78: =IFERROR((AX78-$G78)*AW78,0) -> 0 | AZ78: =交易记录!G585 -> 0 | BA78: =交易记录!G616 -> 0 | BB78: =IFERROR((BA78-$G78)*AZ78,0) -> 0 | BC78: =交易记录!G649 -> 0 | BD78: =交易记录!G680 -> 0 | BE78: =IFERROR((BD78-$G78)*BC78,0) -> 0 | BF78: =交易记录!G713 -> 0 | BG78: =交易记录!G744 -> 0 | BH78: =IFERROR((BG78-$G78)*BF78,0) -> 0 | BI78: =交易记录!G777 -> 0 | BJ78: =交易记录!G808 -> 0 | BK78: =IFERROR((BJ78-$G78)*BI78,0) -> 0 | BL78: =交易记录!G841 -> 0 | BM78: =交易记录!G872 -> 0 | BN78: =IFERROR((BM78-$G78)*BL78,0) -> 0 | BO78: =交易记录!G905 -> 0 | BP78: =交易记录!G936 -> 0 | BQ78: =IFERROR((BP78-$G78)*BO78,0) -> 0
A79: ='维护-日期'!A$6 -> 46269 | B79: 05:00-06:00 | C79: =D79 -> 13.087 | D79: =ROUND(INDEX(持仓数据!$C$3:$AG$26,MATCH('计算过程-数据汇总'!B79,持仓数据!$B$3:$B$26,0),MATCH('计算过程-数据汇总'!A79,'维护-日期'!$B$2:$AF$2,0)),3) -> 13.087 | E79: =D79*1 -> 13.087 | F79: =持仓数据!F77 -> 0.087 | G79: 372 | H79: 372 | I79: 0 | J79: 0 | K79: =IF(持仓数据!F110="",0,持仓数据!F110) -> 372 | L79: =I79*J79 -> 0 | M79: =IFERROR(C79*G79,0) -> 4868.364 | N79: =IFERROR((D79-C79)*(G79-H79),0) -> 0 | O79: =IFERROR((E79-D79)*(G79-H79),0) -> 0 | P79: =IFERROR(F79*(K79-G79),0) -> 0 | Q79: =IFERROR(IF(ABS((E79-C79)/C79)>0.2,IF(SUM(N79:O79)<0,ABS(G79-H79)*(ABS(C79-E79)-C79*0.2),0),0),IF(SUM(N79:O79)<0,ABS(G79-H79)*(ABS(C79-E79)-C79*0.2),0)) -> 0 | R79: =IFERROR(K79*C79,0) -> 4868.364 | S79: =IFERROR((D79-E79)*(K79-G79),0) -> 0 | T79: =IFERROR((F79-D79)*(K79-G79),0) -> 0 | U79: =IFERROR((D79-C79)*(K79-H79),0) -> 0 | V79: =IFERROR((E79-D79)*(K79-H79),0) -> 0 | X79: =ROUND(D79*1.2-SUM(Y79,AB79,AE79,AH79,AK79,AN79,AQ79,AT79,AW79,AZ79,BC79,BF79,BI79,BL79,BO79),3) -> 15.617 | Y79: =交易记录!G10 -> 0.087 | Z79: =交易记录!G41 -> 372 | AA79: =IFERROR((Z79-G79)*Y79,0) -> 0 | AB79: =交易记录!G74 -> 0 | AC79: =交易记录!G105 -> 0 | AD79: =IFERROR((AC79-$G79)*AB79,0) -> 0 | AE79: =交易记录!G138 -> 0 | AF79: =交易记录!G169 -> 0 | AG79: =IFERROR((AF79-$G79)*AE79,0) -> 0 | AH79: =交易记录!G202 -> 0 | AI79: =交易记录!G233 -> 0 | AJ79: =IFERROR((AI79-$G79)*AH79,0) -> 0 | AK79: =交易记录!G266 -> 0 | AL79: =交易记录!G297 -> 0 | AM79: =IFERROR((AL79-$G79)*AK79,0) -> 0 | AN79: =交易记录!G330 -> 0 | AO79: =交易记录!G361 -> 0 | AP79: =IFERROR((AO79-$G79)*AN79,0) -> 0 | AQ79: =交易记录!G394 -> 0 | AR79: =交易记录!G425 -> 0 | AS79: =IFERROR((AR79-$G79)*AQ79,0) -> 0 | AT79: =交易记录!G458 -> 0 | AU79: =交易记录!G489 -> 0 | AV79: =IFERROR((AU79-$G79)*AT79,0) -> 0 | AW79: =交易记录!G522 -> 0 | AX79: =交易记录!G553 -> 0 | AY79: =IFERROR((AX79-$G79)*AW79,0) -> 0 | AZ79: =交易记录!G586 -> 0 | BA79: =交易记录!G617 -> 0 | BB79: =IFERROR((BA79-$G79)*AZ79,0) -> 0 | BC79: =交易记录!G650 -> 0 | BD79: =交易记录!G681 -> 0 | BE79: =IFERROR((BD79-$G79)*BC79,0) -> 0 | BF79: =交易记录!G714 -> 0 | BG79: =交易记录!G745 -> 0 | BH79: =IFERROR((BG79-$G79)*BF79,0) -> 0 | BI79: =交易记录!G778 -> 0 | BJ79: =交易记录!G809 -> 0 | BK79: =IFERROR((BJ79-$G79)*BI79,0) -> 0 | BL79: =交易记录!G842 -> 0 | BM79: =交易记录!G873 -> 0 | BN79: =IFERROR((BM79-$G79)*BL79,0) -> 0 | BO79: =交易记录!G906 -> 0 | BP79: =交易记录!G937 -> 0 | BQ79: =IFERROR((BP79-$G79)*BO79,0) -> 0
A80: ='维护-日期'!A$6 -> 46269 | B80: 06:00-07:00 | C80: =D80 -> 12.95 | D80: =ROUND(INDEX(持仓数据!$C$3:$AG$26,MATCH('计算过程-数据汇总'!B80,持仓数据!$B$3:$B$26,0),MATCH('计算过程-数据汇总'!A80,'维护-日期'!$B$2:$AF$2,0)),3) -> 12.95 | E80: =D80*1 -> 12.95 | F80: =持仓数据!F78 -> 0.145 | G80: 372 | H80: 372 | I80: 0 | J80: 0 | K80: =IF(持仓数据!F111="",0,持仓数据!F111) -> 372 | L80: =I80*J80 -> 0 | M80: =IFERROR(C80*G80,0) -> 4817.4 | N80: =IFERROR((D80-C80)*(G80-H80),0) -> 0 | O80: =IFERROR((E80-D80)*(G80-H80),0) -> 0 | P80: =IFERROR(F80*(K80-G80),0) -> 0 | Q80: =IFERROR(IF(ABS((E80-C80)/C80)>0.2,IF(SUM(N80:O80)<0,ABS(G80-H80)*(ABS(C80-E80)-C80*0.2),0),0),IF(SUM(N80:O80)<0,ABS(G80-H80)*(ABS(C80-E80)-C80*0.2),0)) -> 0 | R80: =IFERROR(K80*C80,0) -> 4817.4 | S80: =IFERROR((D80-E80)*(K80-G80),0) -> 0 | T80: =IFERROR((F80-D80)*(K80-G80),0) -> 0 | U80: =IFERROR((D80-C80)*(K80-H80),0) -> 0 | V80: =IFERROR((E80-D80)*(K80-H80),0) -> 0 | X80: =ROUND(D80*1.2-SUM(Y80,AB80,AE80,AH80,AK80,AN80,AQ80,AT80,AW80,AZ80,BC80,BF80,BI80,BL80,BO80),3) -> 15.395 | Y80: =交易记录!G11 -> 0.145 | Z80: =交易记录!G42 -> 372 | AA80: =IFERROR((Z80-G80)*Y80,0) -> 0 | AB80: =交易记录!G75 -> 0 | AC80: =交易记录!G106 -> 0 | AD80: =IFERROR((AC80-$G80)*AB80,0) -> 0 | AE80: =交易记录!G139 -> 0 | AF80: =交易记录!G170 -> 0 | AG80: =IFERROR((AF80-$G80)*AE80,0) -> 0 | AH80: =交易记录!G203 -> 0 | AI80: =交易记录!G234 -> 0 | AJ80: =IFERROR((AI80-$G80)*AH80,0) -> 0 | AK80: =交易记录!G267 -> 0 | AL80: =交易记录!G298 -> 0 | AM80: =IFERROR((AL80-$G80)*AK80,0) -> 0 | AN80: =交易记录!G331 -> 0 | AO80: =交易记录!G362 -> 0 | AP80: =IFERROR((AO80-$G80)*AN80,0) -> 0 | AQ80: =交易记录!G395 -> 0 | AR80: =交易记录!G426 -> 0 | AS80: =IFERROR((AR80-$G80)*AQ80,0) -> 0 | AT80: =交易记录!G459 -> 0 | AU80: =交易记录!G490 -> 0 | AV80: =IFERROR((AU80-$G80)*AT80,0) -> 0 | AW80: =交易记录!G523 -> 0 | AX80: =交易记录!G554 -> 0 | AY80: =IFERROR((AX80-$G80)*AW80,0) -> 0 | AZ80: =交易记录!G587 -> 0 | BA80: =交易记录!G618 -> 0 | BB80: =IFERROR((BA80-$G80)*AZ80,0) -> 0 | BC80: =交易记录!G651 -> 0 | BD80: =交易记录!G682 -> 0 | BE80: =IFERROR((BD80-$G80)*BC80,0) -> 0 | BF80: =交易记录!G715 -> 0 | BG80: =交易记录!G746 -> 0 | BH80: =IFERROR((BG80-$G80)*BF80,0) -> 0 | BI80: =交易记录!G779 -> 0 | BJ80: =交易记录!G810 -> 0 | BK80: =IFERROR((BJ80-$G80)*BI80,0) -> 0 | BL80: =交易记录!G843 -> 0 | BM80: =交易记录!G874 -> 0 | BN80: =IFERROR((BM80-$G80)*BL80,0) -> 0 | BO80: =交易记录!G907 -> 0 | BP80: =交易记录!G938 -> 0 | BQ80: =IFERROR((BP80-$G80)*BO80,0) -> 0
A81: ='维护-日期'!A$6 -> 46269 | B81: 07:00-08:00 | C81: =D81 -> 13.267 | D81: =ROUND(INDEX(持仓数据!$C$3:$AG$26,MATCH('计算过程-数据汇总'!B81,持仓数据!$B$3:$B$26,0),MATCH('计算过程-数据汇总'!A81,'维护-日期'!$B$2:$AF$2,0)),3) -> 13.267 | E81: =D81*1 -> 13.267 | F81: =持仓数据!F79 -> 0.307 | G81: 372 | H81: 372 | I81: 0 | J81: 0 | K81: =IF(持仓数据!F112="",0,持仓数据!F112) -> 372 | L81: =I81*J81 -> 0 | M81: =IFERROR(C81*G81,0) -> 4935.324 | N81: =IFERROR((D81-C81)*(G81-H81),0) -> 0 | O81: =IFERROR((E81-D81)*(G81-H81),0) -> 0 | P81: =IFERROR(F81*(K81-G81),0) -> 0 | Q81: =IFERROR(IF(ABS((E81-C81)/C81)>0.2,IF(SUM(N81:O81)<0,ABS(G81-H81)*(ABS(C81-E81)-C81*0.2),0),0),IF(SUM(N81:O81)<0,ABS(G81-H81)*(ABS(C81-E81)-C81*0.2),0)) -> 0 | R81: =IFERROR(K81*C81,0) -> 4935.324 | S81: =IFERROR((D81-E81)*(K81-G81),0) -> 0 | T81: =IFERROR((F81-D81)*(K81-G81),0) -> 0 | U81: =IFERROR((D81-C81)*(K81-H81),0) -> 0 | V81: =IFERROR((E81-D81)*(K81-H81),0) -> 0 | X81: =ROUND(D81*1.2-SUM(Y81,AB81,AE81,AH81,AK81,AN81,AQ81,AT81,AW81,AZ81,BC81,BF81,BI81,BL81,BO81),3) -> 15.613 | Y81: =交易记录!G12 -> 0.307 | Z81: =交易记录!G43 -> 372 | AA81: =IFERROR((Z81-G81)*Y81,0) -> 0 | AB81: =交易记录!G76 -> 0 | AC81: =交易记录!G107 -> 0 | AD81: =IFERROR((AC81-$G81)*AB81,0) -> 0 | AE81: =交易记录!G140 -> 0 | AF81: =交易记录!G171 -> 0 | AG81: =IFERROR((AF81-$G81)*AE81,0) -> 0 | AH81: =交易记录!G204 -> 0 | AI81: =交易记录!G235 -> 0 | AJ81: =IFERROR((AI81-$G81)*AH81,0) -> 0 | AK81: =交易记录!G268 -> 0 | AL81: =交易记录!G299 -> 0 | AM81: =IFERROR((AL81-$G81)*AK81,0) -> 0 | AN81: =交易记录!G332 -> 0 | AO81: =交易记录!G363 -> 0 | AP81: =IFERROR((AO81-$G81)*AN81,0) -> 0 | AQ81: =交易记录!G396 -> 0 | AR81: =交易记录!G427 -> 0 | AS81: =IFERROR((AR81-$G81)*AQ81,0) -> 0 | AT81: =交易记录!G460 -> 0 | AU81: =交易记录!G491 -> 0 | AV81: =IFERROR((AU81-$G81)*AT81,0) -> 0 | AW81: =交易记录!G524 -> 0 | AX81: =交易记录!G555 -> 0 | AY81: =IFERROR((AX81-$G81)*AW81,0) -> 0 | AZ81: =交易记录!G588 -> 0 | BA81: =交易记录!G619 -> 0 | BB81: =IFERROR((BA81-$G81)*AZ81,0) -> 0 | BC81: =交易记录!G652 -> 0 | BD81: =交易记录!G683 -> 0 | BE81: =IFERROR((BD81-$G81)*BC81,0) -> 0 | BF81: =交易记录!G716 -> 0 | BG81: =交易记录!G747 -> 0 | BH81: =IFERROR((BG81-$G81)*BF81,0) -> 0 | BI81: =交易记录!G780 -> 0 | BJ81: =交易记录!G811 -> 0 | BK81: =IFERROR((BJ81-$G81)*BI81,0) -> 0 | BL81: =交易记录!G844 -> 0 | BM81: =交易记录!G875 -> 0 | BN81: =IFERROR((BM81-$G81)*BL81,0) -> 0 | BO81: =交易记录!G908 -> 0 | BP81: =交易记录!G939 -> 0 | BQ81: =IFERROR((BP81-$G81)*BO81,0) -> 0
A82: ='维护-日期'!A$6 -> 46269 | B82: 08:00-09:00 | C82: =D82 -> 15.796 | D82: =ROUND(INDEX(持仓数据!$C$3:$AG$26,MATCH('计算过程-数据汇总'!B82,持仓数据!$B$3:$B$26,0),MATCH('计算过程-数据汇总'!A82,'维护-日期'!$B$2:$AF$2,0)),3) -> 15.796 | E82: =D82*1 -> 15.796 | F82: =持仓数据!F80 -> 0.428 | G82: 372 | H82: 372 | I82: 0 | J82: 0 | K82: =IF(持仓数据!F113="",0,持仓数据!F113) -> 372 | L82: =I82*J82 -> 0 | M82: =IFERROR(C82*G82,0) -> 5876.112 | N82: =IFERROR((D82-C82)*(G82-H82),0) -> 0 | O82: =IFERROR((E82-D82)*(G82-H82),0) -> 0 | P82: =IFERROR(F82*(K82-G82),0) -> 0 | Q82: =IFERROR(IF(ABS((E82-C82)/C82)>0.2,IF(SUM(N82:O82)<0,ABS(G82-H82)*(ABS(C82-E82)-C82*0.2),0),0),IF(SUM(N82:O82)<0,ABS(G82-H82)*(ABS(C82-E82)-C82*0.2),0)) -> 0 | R82: =IFERROR(K82*C82,0) -> 5876.112 | S82: =IFERROR((D82-E82)*(K82-G82),0) -> 0 | T82: =IFERROR((F82-D82)*(K82-G82),0) -> 0 | U82: =IFERROR((D82-C82)*(K82-H82),0) -> 0 | V82: =IFERROR((E82-D82)*(K82-H82),0) -> 0 | X82: =ROUND(D82*1.2-SUM(Y82,AB82,AE82,AH82,AK82,AN82,AQ82,AT82,AW82,AZ82,BC82,BF82,BI82,BL82,BO82),3) -> 18.527 | Y82: =交易记录!G13 -> 0.428 | Z82: =交易记录!G44 -> 372 | AA82: =IFERROR((Z82-G82)*Y82,0) -> 0 | AB82: =交易记录!G77 -> 0 | AC82: =交易记录!G108 -> 0 | AD82: =IFERROR((AC82-$G82)*AB82,0) -> 0 | AE82: =交易记录!G141 -> 0 | AF82: =交易记录!G172 -> 0 | AG82: =IFERROR((AF82-$G82)*AE82,0) -> 0 | AH82: =交易记录!G205 -> 0 | AI82: =交易记录!G236 -> 0 | AJ82: =IFERROR((AI82-$G82)*AH82,0) -> 0 | AK82: =交易记录!G269 -> 0 | AL82: =交易记录!G300 -> 0 | AM82: =IFERROR((AL82-$G82)*AK82,0) -> 0 | AN82: =交易记录!G333 -> 0 | AO82: =交易记录!G364 -> 0 | AP82: =IFERROR((AO82-$G82)*AN82,0) -> 0 | AQ82: =交易记录!G397 -> 0 | AR82: =交易记录!G428 -> 0 | AS82: =IFERROR((AR82-$G82)*AQ82,0) -> 0 | AT82: =交易记录!G461 -> 0 | AU82: =交易记录!G492 -> 0 | AV82: =IFERROR((AU82-$G82)*AT82,0) -> 0 | AW82: =交易记录!G525 -> 0 | AX82: =交易记录!G556 -> 0 | AY82: =IFERROR((AX82-$G82)*AW82,0) -> 0 | AZ82: =交易记录!G589 -> 0 | BA82: =交易记录!G620 -> 0 | BB82: =IFERROR((BA82-$G82)*AZ82,0) -> 0 | BC82: =交易记录!G653 -> 0 | BD82: =交易记录!G684 -> 0 | BE82: =IFERROR((BD82-$G82)*BC82,0) -> 0 | BF82: =交易记录!G717 -> 0 | BG82: =交易记录!G748 -> 0 | BH82: =IFERROR((BG82-$G82)*BF82,0) -> 0 | BI82: =交易记录!G781 -> 0 | BJ82: =交易记录!G812 -> 0 | BK82: =IFERROR((BJ82-$G82)*BI82,0) -> 0 | BL82: =交易记录!G845 -> 0 | BM82: =交易记录!G876 -> 0 | BN82: =IFERROR((BM82-$G82)*BL82,0) -> 0 | BO82: =交易记录!G909 -> 0 | BP82: =交易记录!G940 -> 0 | BQ82: =IFERROR((BP82-$G82)*BO82,0) -> 0
A83: ='维护-日期'!A$6 -> 46269 | B83: 09:00-10:00 | C83: =D83 -> 19.308 | D83: =ROUND(INDEX(持仓数据!$C$3:$AG$26,MATCH('计算过程-数据汇总'!B83,持仓数据!$B$3:$B$26,0),MATCH('计算过程-数据汇总'!A83,'维护-日期'!$B$2:$AF$2,0)),3) -> 19.308 | E83: =D83*1 -> 19.308 | F83: =持仓数据!F81 -> 0.461 | G83: 372 | H83: 372 | I83: 0 | J83: 0 | K83: =IF(持仓数据!F114="",0,持仓数据!F114) -> 372 | L83: =I83*J83 -> 0 | M83: =IFERROR(C83*G83,0) -> 7182.576 | N83: =IFERROR((D83-C83)*(G83-H83),0) -> 0 | O83: =IFERROR((E83-D83)*(G83-H83),0) -> 0 | P83: =IFERROR(F83*(K83-G83),0) -> 0 | Q83: =IFERROR(IF(ABS((E83-C83)/C83)>0.2,IF(SUM(N83:O83)<0,ABS(G83-H83)*(ABS(C83-E83)-C83*0.2),0),0),IF(SUM(N83:O83)<0,ABS(G83-H83)*(ABS(C83-E83)-C83*0.2),0)) -> 0 | R83: =IFERROR(K83*C83,0) -> 7182.576 | S83: =IFERROR((D83-E83)*(K83-G83),0) -> 0 | T83: =IFERROR((F83-D83)*(K83-G83),0) -> 0 | U83: =IFERROR((D83-C83)*(K83-H83),0) -> 0 | V83: =IFERROR((E83-D83)*(K83-H83),0) -> 0 | X83: =ROUND(D83*1.2-SUM(Y83,AB83,AE83,AH83,AK83,AN83,AQ83,AT83,AW83,AZ83,BC83,BF83,BI83,BL83,BO83),3) -> 22.709 | Y83: =交易记录!G14 -> 0.461 | Z83: =交易记录!G45 -> 372 | AA83: =IFERROR((Z83-G83)*Y83,0) -> 0 | AB83: =交易记录!G78 -> 0 | AC83: =交易记录!G109 -> 0 | AD83: =IFERROR((AC83-$G83)*AB83,0) -> 0 | AE83: =交易记录!G142 -> 0 | AF83: =交易记录!G173 -> 0 | AG83: =IFERROR((AF83-$G83)*AE83,0) -> 0 | AH83: =交易记录!G206 -> 0 | AI83: =交易记录!G237 -> 0 | AJ83: =IFERROR((AI83-$G83)*AH83,0) -> 0 | AK83: =交易记录!G270 -> 0 | AL83: =交易记录!G301 -> 0 | AM83: =IFERROR((AL83-$G83)*AK83,0) -> 0 | AN83: =交易记录!G334 -> 0 | AO83: =交易记录!G365 -> 0 | AP83: =IFERROR((AO83-$G83)*AN83,0) -> 0 | AQ83: =交易记录!G398 -> 0 | AR83: =交易记录!G429 -> 0 | AS83: =IFERROR((AR83-$G83)*AQ83,0) -> 0 | AT83: =交易记录!G462 -> 0 | AU83: =交易记录!G493 -> 0 | AV83: =IFERROR((AU83-$G83)*AT83,0) -> 0 | AW83: =交易记录!G526 -> 0 | AX83: =交易记录!G557 -> 0 | AY83: =IFERROR((AX83-$G83)*AW83,0) -> 0 | AZ83: =交易记录!G590 -> 0 | BA83: =交易记录!G621 -> 0 | BB83: =IFERROR((BA83-$G83)*AZ83,0) -> 0 | BC83: =交易记录!G654 -> 0 | BD83: =交易记录!G685 -> 0 | BE83: =IFERROR((BD83-$G83)*BC83,0) -> 0 | BF83: =交易记录!G718 -> 0 | BG83: =交易记录!G749 -> 0 | BH83: =IFERROR((BG83-$G83)*BF83,0) -> 0 | BI83: =交易记录!G782 -> 0 | BJ83: =交易记录!G813 -> 0 | BK83: =IFERROR((BJ83-$G83)*BI83,0) -> 0 | BL83: =交易记录!G846 -> 0 | BM83: =交易记录!G877 -> 0 | BN83: =IFERROR((BM83-$G83)*BL83,0) -> 0 | BO83: =交易记录!G910 -> 0 | BP83: =交易记录!G941 -> 0 | BQ83: =IFERROR((BP83-$G83)*BO83,0) -> 0
A84: ='维护-日期'!A$6 -> 46269 | B84: 10:00-11:00 | C84: =D84 -> 21.01 | D84: =ROUND(INDEX(持仓数据!$C$3:$AG$26,MATCH('计算过程-数据汇总'!B84,持仓数据!$B$3:$B$26,0),MATCH('计算过程-数据汇总'!A84,'维护-日期'!$B$2:$AF$2,0)),3) -> 21.01 | E84: =D84*1 -> 21.01 | F84: =持仓数据!F82 -> 0.467 | G84: 372 | H84: 372 | I84: 0 | J84: 0 | K84: =IF(持仓数据!F115="",0,持仓数据!F115) -> 372 | L84: =I84*J84 -> 0 | M84: =IFERROR(C84*G84,0) -> 7815.72 | N84: =IFERROR((D84-C84)*(G84-H84),0) -> 0 | O84: =IFERROR((E84-D84)*(G84-H84),0) -> 0 | P84: =IFERROR(F84*(K84-G84),0) -> 0 | Q84: =IFERROR(IF(ABS((E84-C84)/C84)>0.2,IF(SUM(N84:O84)<0,ABS(G84-H84)*(ABS(C84-E84)-C84*0.2),0),0),IF(SUM(N84:O84)<0,ABS(G84-H84)*(ABS(C84-E84)-C84*0.2),0)) -> 0 | R84: =IFERROR(K84*C84,0) -> 7815.72 | S84: =IFERROR((D84-E84)*(K84-G84),0) -> 0 | T84: =IFERROR((F84-D84)*(K84-G84),0) -> 0 | U84: =IFERROR((D84-C84)*(K84-H84),0) -> 0 | V84: =IFERROR((E84-D84)*(K84-H84),0) -> 0 | X84: =ROUND(D84*1.2-SUM(Y84,AB84,AE84,AH84,AK84,AN84,AQ84,AT84,AW84,AZ84,BC84,BF84,BI84,BL84,BO84),3) -> 24.745 | Y84: =交易记录!G15 -> 0.467 | Z84: =交易记录!G46 -> 372 | AA84: =IFERROR((Z84-G84)*Y84,0) -> 0 | AB84: =交易记录!G79 -> 0 | AC84: =交易记录!G110 -> 0 | AD84: =IFERROR((AC84-$G84)*AB84,0) -> 0 | AE84: =交易记录!G143 -> 0 | AF84: =交易记录!G174 -> 0 | AG84: =IFERROR((AF84-$G84)*AE84,0) -> 0 | AH84: =交易记录!G207 -> 0 | AI84: =交易记录!G238 -> 0 | AJ84: =IFERROR((AI84-$G84)*AH84,0) -> 0 | AK84: =交易记录!G271 -> 0 | AL84: =交易记录!G302 -> 0 | AM84: =IFERROR((AL84-$G84)*AK84,0) -> 0 | AN84: =交易记录!G335 -> 0 | AO84: =交易记录!G366 -> 0 | AP84: =IFERROR((AO84-$G84)*AN84,0) -> 0 | AQ84: =交易记录!G399 -> 0 | AR84: =交易记录!G430 -> 0 | AS84: =IFERROR((AR84-$G84)*AQ84,0) -> 0 | AT84: =交易记录!G463 -> 0 | AU84: =交易记录!G494 -> 0 | AV84: =IFERROR((AU84-$G84)*AT84,0) -> 0 | AW84: =交易记录!G527 -> 0 | AX84: =交易记录!G558 -> 0 | AY84: =IFERROR((AX84-$G84)*AW84,0) -> 0 | AZ84: =交易记录!G591 -> 0 | BA84: =交易记录!G622 -> 0 | BB84: =IFERROR((BA84-$G84)*AZ84,0) -> 0 | BC84: =交易记录!G655 -> 0 | BD84: =交易记录!G686 -> 0 | BE84: =IFERROR((BD84-$G84)*BC84,0) -> 0 | BF84: =交易记录!G719 -> 0 | BG84: =交易记录!G750 -> 0 | BH84: =IFERROR((BG84-$G84)*BF84,0) -> 0 | BI84: =交易记录!G783 -> 0 | BJ84: =交易记录!G814 -> 0 | BK84: =IFERROR((BJ84-$G84)*BI84,0) -> 0 | BL84: =交易记录!G847 -> 0 | BM84: =交易记录!G878 -> 0 | BN84: =IFERROR((BM84-$G84)*BL84,0) -> 0 | BO84: =交易记录!G911 -> 0 | BP84: =交易记录!G942 -> 0 | BQ84: =IFERROR((BP84-$G84)*BO84,0) -> 0
A85: ='维护-日期'!A$6 -> 46269 | B85: 11:00-12:00 | C85: =D85 -> 21.329 | D85: =ROUND(INDEX(持仓数据!$C$3:$AG$26,MATCH('计算过程-数据汇总'!B85,持仓数据!$B$3:$B$26,0),MATCH('计算过程-数据汇总'!A85,'维护-日期'!$B$2:$AF$2,0)),3) -> 21.329 | E85: =D85*1 -> 21.329 | F85: =持仓数据!F83 -> 0.321 | G85: 372 | H85: 372 | I85: 0 | J85: 0 | K85: =IF(持仓数据!F116="",0,持仓数据!F116) -> 372 | L85: =I85*J85 -> 0 | M85: =IFERROR(C85*G85,0) -> 7934.388 | N85: =IFERROR((D85-C85)*(G85-H85),0) -> 0 | O85: =IFERROR((E85-D85)*(G85-H85),0) -> 0 | P85: =IFERROR(F85*(K85-G85),0) -> 0 | Q85: =IFERROR(IF(ABS((E85-C85)/C85)>0.2,IF(SUM(N85:O85)<0,ABS(G85-H85)*(ABS(C85-E85)-C85*0.2),0),0),IF(SUM(N85:O85)<0,ABS(G85-H85)*(ABS(C85-E85)-C85*0.2),0)) -> 0 | R85: =IFERROR(K85*C85,0) -> 7934.388 | S85: =IFERROR((D85-E85)*(K85-G85),0) -> 0 | T85: =IFERROR((F85-D85)*(K85-G85),0) -> 0 | U85: =IFERROR((D85-C85)*(K85-H85),0) -> 0 | V85: =IFERROR((E85-D85)*(K85-H85),0) -> 0 | X85: =ROUND(D85*1.2-SUM(Y85,AB85,AE85,AH85,AK85,AN85,AQ85,AT85,AW85,AZ85,BC85,BF85,BI85,BL85,BO85),3) -> 25.274 | Y85: =交易记录!G16 -> 0.321 | Z85: =交易记录!G47 -> 372 | AA85: =IFERROR((Z85-G85)*Y85,0) -> 0 | AB85: =交易记录!G80 -> 0 | AC85: =交易记录!G111 -> 0 | AD85: =IFERROR((AC85-$G85)*AB85,0) -> 0 | AE85: =交易记录!G144 -> 0 | AF85: =交易记录!G175 -> 0 | AG85: =IFERROR((AF85-$G85)*AE85,0) -> 0 | AH85: =交易记录!G208 -> 0 | AI85: =交易记录!G239 -> 0 | AJ85: =IFERROR((AI85-$G85)*AH85,0) -> 0 | AK85: =交易记录!G272 -> 0 | AL85: =交易记录!G303 -> 0 | AM85: =IFERROR((AL85-$G85)*AK85,0) -> 0 | AN85: =交易记录!G336 -> 0 | AO85: =交易记录!G367 -> 0 | AP85: =IFERROR((AO85-$G85)*AN85,0) -> 0 | AQ85: =交易记录!G400 -> 0 | AR85: =交易记录!G431 -> 0 | AS85: =IFERROR((AR85-$G85)*AQ85,0) -> 0 | AT85: =交易记录!G464 -> 0 | AU85: =交易记录!G495 -> 0 | AV85: =IFERROR((AU85-$G85)*AT85,0) -> 0 | AW85: =交易记录!G528 -> 0 | AX85: =交易记录!G559 -> 0 | AY85: =IFERROR((AX85-$G85)*AW85,0) -> 0 | AZ85: =交易记录!G592 -> 0 | BA85: =交易记录!G623 -> 0 | BB85: =IFERROR((BA85-$G85)*AZ85,0) -> 0 | BC85: =交易记录!G656 -> 0 | BD85: =交易记录!G687 -> 0 | BE85: =IFERROR((BD85-$G85)*BC85,0) -> 0 | BF85: =交易记录!G720 -> 0 | BG85: =交易记录!G751 -> 0 | BH85: =IFERROR((BG85-$G85)*BF85,0) -> 0 | BI85: =交易记录!G784 -> 0 | BJ85: =交易记录!G815 -> 0 | BK85: =IFERROR((BJ85-$G85)*BI85,0) -> 0 | BL85: =交易记录!G848 -> 0 | BM85: =交易记录!G879 -> 0 | BN85: =IFERROR((BM85-$G85)*BL85,0) -> 0 | BO85: =交易记录!G912 -> 0 | BP85: =交易记录!G943 -> 0 | BQ85: =IFERROR((BP85-$G85)*BO85,0) -> 0
... A97: ='维护-日期'!A$6 -> 46269 | B97: 23:00-24:00 | C97: =D97 -> 16.963 | D97: =ROUND(INDEX(持仓数据!$C$3:$AG$26,MATCH('计算过程-数据汇总'!B97,持仓数据!$B$3:$B$26,0),MATCH('计算过程-数据汇总'!A97,'维护-日期'!$B$2:$AF$2,0)),3) -> 16.963 | E97: =D97*1 -> 16.963 | F97: =持仓数据!F95 -> 0.333 | G97: 372 | H97: 372 | I97: 0 | J97: 0 | K97: =IF(持仓数据!F128="",0,持仓数据!F128) -> 372 | L97: =I97*J97 -> 0 | M97: =IFERROR(C97*G97,0) -> 6310.236 | N97: =IFERROR((D97-C97)*(G97-H97),0) -> 0 | O97: =IFERROR((E97-D97)*(G97-H97),0) -> 0 | P97: =IFERROR(F97*(K97-G97),0) -> 0 | Q97: =IFERROR(IF(ABS((E97-C97)/C97)>0.2,IF(SUM(N97:O97)<0,ABS(G97-H97)*(ABS(C97-E97)-C97*0.2),0),0),IF(SUM(N97:O97)<0,ABS(G97-H97)*(ABS(C97-E97)-C97*0.2),0)) -> 0 | R97: =IFERROR(K97*C97,0) -> 6310.236 | S97: =IFERROR((D97-E97)*(K97-G97),0) -> 0 | T97: =IFERROR((F97-D97)*(K97-G97),0) -> 0 | U97: =IFERROR((D97-C97)*(K97-H97),0) -> 0 | V97: =IFERROR((E97-D97)*(K97-H97),0) -> 0 | X97: =ROUND(D97*1.2-SUM(Y97,AB97,AE97,AH97,AK97,AN97,AQ97,AT97,AW97,AZ97,BC97,BF97,BI97,BL97,BO97),3) -> 20.023 | Y97: =交易记录!G28 -> 0.333 | Z97: =交易记录!G59 -> 372 | AA97: =IFERROR((Z97-G97)*Y97,0) -> 0 | AB97: =交易记录!G92 -> 0 | AC97: =交易记录!G123 -> 0 | AD97: =IFERROR((AC97-$G97)*AB97,0) -> 0 | AE97: =交易记录!G156 -> 0 | AF97: =交易记录!G187 -> 0 | AG97: =IFERROR((AF97-$G97)*AE97,0) -> 0 | AH97: =交易记录!G220 -> 0 | AI97: =交易记录!G251 -> 0 | AJ97: =IFERROR((AI97-$G97)*AH97,0) -> 0 | AK97: =交易记录!G284 -> 0 | AL97: =交易记录!G315 -> 0 | AM97: =IFERROR((AL97-$G97)*AK97,0) -> 0 | AN97: =交易记录!G348 -> 0 | AO97: =交易记录!G379 -> 0 | AP97: =IFERROR((AO97-$G97)*AN97,0) -> 0 | AQ97: =交易记录!G412 -> 0 | AR97: =交易记录!G443 -> 0 | AS97: =IFERROR((AR97-$G97)*AQ97,0) -> 0 | AT97: =交易记录!G476 -> 0 | AU97: =交易记录!G507 -> 0 | AV97: =IFERROR((AU97-$G97)*AT97,0) -> 0 | AW97: =交易记录!G540 -> 0 | AX97: =交易记录!G571 -> 0 | AY97: =IFERROR((AX97-$G97)*AW97,0) -> 0 | AZ97: =交易记录!G604 -> 0 | BA97: =交易记录!G635 -> 0 | BB97: =IFERROR((BA97-$G97)*AZ97,0) -> 0 | BC97: =交易记录!G668 -> 0 | BD97: =交易记录!G699 -> 0 | BE97: =IFERROR((BD97-$G97)*BC97,0) -> 0 | BF97: =交易记录!G732 -> 0 | BG97: =交易记录!G763 -> 0 | BH97: =IFERROR((BG97-$G97)*BF97,0) -> 0 | BI97: =交易记录!G796 -> 0 | BJ97: =交易记录!G827 -> 0 | BK97: =IFERROR((BJ97-$G97)*BI97,0) -> 0 | BL97: =交易记录!G860 -> 0 | BM97: =交易记录!G891 -> 0 | BN97: =IFERROR((BM97-$G97)*BL97,0) -> 0 | BO97: =交易记录!G924 -> 0 | BP97: =交易记录!G955 -> 0 | BQ97: =IFERROR((BP97-$G97)*BO97,0) -> 0
A98: ='维护-日期'!A$7 -> 46270 | B98: 00:00-01:00 | C98: =D98 -> 16.931 | D98: =ROUND(INDEX(持仓数据!$C$3:$AG$26,MATCH('计算过程-数据汇总'!B98,持仓数据!$B$3:$B$26,0),MATCH('计算过程-数据汇总'!A98,'维护-日期'!$B$2:$AF$2,0)),3) -> 16.931 | E98: =D98*1 -> 16.931 | F98: =持仓数据!G72 -> 0.1 | G98: 372 | H98: 372 | I98: 0 | J98: 0 | K98: =IF(持仓数据!G105="",0,持仓数据!G105) -> 372 | L98: =I98*J98 -> 0 | M98: =IFERROR(C98*G98,0) -> 6298.332 | N98: =IFERROR((D98-C98)*(G98-H98),0) -> 0 | O98: =IFERROR((E98-D98)*(G98-H98),0) -> 0 | P98: =IFERROR(F98*(K98-G98),0) -> 0 | Q98: =IFERROR(IF(ABS((E98-C98)/C98)>0.2,IF(SUM(N98:O98)<0,ABS(G98-H98)*(ABS(C98-E98)-C98*0.2),0),0),IF(SUM(N98:O98)<0,ABS(G98-H98)*(ABS(C98-E98)-C98*0.2),0)) -> 0 | R98: =IFERROR(K98*C98,0) -> 6298.332 | S98: =IFERROR((D98-E98)*(K98-G98),0) -> 0 | T98: =IFERROR((F98-D98)*(K98-G98),0) -> 0 | U98: =IFERROR((D98-C98)*(K98-H98),0) -> 0 | V98: =IFERROR((E98-D98)*(K98-H98),0) -> 0 | X98: =ROUND(D98*1.2-SUM(Y98,AB98,AE98,AH98,AK98,AN98,AQ98,AT98,AW98,AZ98,BC98,BF98,BI98,BL98,BO98),3) -> 20.217 | Y98: =交易记录!H5 -> 0.1 | Z98: =交易记录!H36 -> 372 | AA98: =IFERROR((Z98-G98)*Y98,0) -> 0 | AB98: =交易记录!H69 -> 0 | AC98: =交易记录!H100 -> 0 | AD98: =IFERROR((AC98-$G98)*AB98,0) -> 0 | AE98: =交易记录!H133 -> 0 | AF98: =交易记录!H164 -> 0 | AG98: =IFERROR((AF98-$G98)*AE98,0) -> 0 | AH98: =交易记录!H197 -> 0 | AI98: =交易记录!H228 -> 0 | AJ98: =IFERROR((AI98-$G98)*AH98,0) -> 0 | AK98: =交易记录!H261 -> 0 | AL98: =交易记录!H292 -> 0 | AM98: =IFERROR((AL98-$G98)*AK98,0) -> 0 | AN98: =交易记录!H325 -> 0 | AO98: =交易记录!H356 -> 0 | AP98: =IFERROR((AO98-$G98)*AN98,0) -> 0 | AQ98: =交易记录!H389 -> 0 | AR98: =交易记录!H420 -> 0 | AS98: =IFERROR((AR98-$G98)*AQ98,0) -> 0 | AT98: =交易记录!H453 -> 0 | AU98: =交易记录!H484 -> 0 | AV98: =IFERROR((AU98-$G98)*AT98,0) -> 0 | AW98: =交易记录!H517 -> 0 | AX98: =交易记录!H548 -> 0 | AY98: =IFERROR((AX98-$G98)*AW98,0) -> 0 | AZ98: =交易记录!H581 -> 0 | BA98: =交易记录!H612 -> 0 | BB98: =IFERROR((BA98-$G98)*AZ98,0) -> 0 | BC98: =交易记录!H645 -> 0 | BD98: =交易记录!H676 -> 0 | BE98: =IFERROR((BD98-$G98)*BC98,0) -> 0 | BF98: =交易记录!H709 -> 0 | BG98: =交易记录!H740 -> 0 | BH98: =IFERROR((BG98-$G98)*BF98,0) -> 0 | BI98: =交易记录!H773 -> 0 | BJ98: =交易记录!H804 -> 0 | BK98: =IFERROR((BJ98-$G98)*BI98,0) -> 0 | BL98: =交易记录!H837 -> 0 | BM98: =交易记录!H868 -> 0 | BN98: =IFERROR((BM98-$G98)*BL98,0) -> 0 | BO98: =交易记录!H901 -> 0 | BP98: =交易记录!H932 -> 0 | BQ98: =IFERROR((BP98-$G98)*BO98,0) -> 0
A99: ='维护-日期'!A$7 -> 46270 | B99: 01:00-02:00 | C99: =D99 -> 15.778 | D99: =ROUND(INDEX(持仓数据!$C$3:$AG$26,MATCH('计算过程-数据汇总'!B99,持仓数据!$B$3:$B$26,0),MATCH('计算过程-数据汇总'!A99,'维护-日期'!$B$2:$AF$2,0)),3) -> 15.778 | E99: =D99*1 -> 15.778 | F99: =持仓数据!G73 -> 0.095 | G99: 372 | H99: 372 | I99: 0 | J99: 0 | K99: =IF(持仓数据!G106="",0,持仓数据!G106) -> 372 | L99: =I99*J99 -> 0 | M99: =IFERROR(C99*G99,0) -> 5869.416 | N99: =IFERROR((D99-C99)*(G99-H99),0) -> 0 | O99: =IFERROR((E99-D99)*(G99-H99),0) -> 0 | P99: =IFERROR(F99*(K99-G99),0) -> 5.4001248e-15 | Q99: =IFERROR(IF(ABS((E99-C99)/C99)>0.2,IF(SUM(N99:O99)<0,ABS(G99-H99)*(ABS(C99-E99)-C99*0.2),0),0),IF(SUM(N99:O99)<0,ABS(G99-H99)*(ABS(C99-E99)-C99*0.2),0)) -> 0 | R99: =IFERROR(K99*C99,0) -> 5869.416 | S99: =IFERROR((D99-E99)*(K99-G99),0) -> 0 | T99: =IFERROR((F99-D99)*(K99-G99),0) -> -8.9147534e-13 | U99: =IFERROR((D99-C99)*(K99-H99),0) -> 0 | V99: =IFERROR((E99-D99)*(K99-H99),0) -> 0 | X99: =ROUND(D99*1.2-SUM(Y99,AB99,AE99,AH99,AK99,AN99,AQ99,AT99,AW99,AZ99,BC99,BF99,BI99,BL99,BO99),3) -> 18.839 | Y99: =交易记录!H6 -> 0.095 | Z99: =交易记录!H37 -> 372 | AA99: =IFERROR((Z99-G99)*Y99,0) -> 0 | AB99: =交易记录!H70 -> 0 | AC99: =交易记录!H101 -> 0 | AD99: =IFERROR((AC99-$G99)*AB99,0) -> 0 | AE99: =交易记录!H134 -> 0 | AF99: =交易记录!H165 -> 0 | AG99: =IFERROR((AF99-$G99)*AE99,0) -> 0 | AH99: =交易记录!H198 -> 0 | AI99: =交易记录!H229 -> 0 | AJ99: =IFERROR((AI99-$G99)*AH99,0) -> 0 | AK99: =交易记录!H262 -> 0 | AL99: =交易记录!H293 -> 0 | AM99: =IFERROR((AL99-$G99)*AK99,0) -> 0 | AN99: =交易记录!H326 -> 0 | AO99: =交易记录!H357 -> 0 | AP99: =IFERROR((AO99-$G99)*AN99,0) -> 0 | AQ99: =交易记录!H390 -> 0 | AR99: =交易记录!H421 -> 0 | AS99: =IFERROR((AR99-$G99)*AQ99,0) -> 0 | AT99: =交易记录!H454 -> 0 | AU99: =交易记录!H485 -> 0 | AV99: =IFERROR((AU99-$G99)*AT99,0) -> 0 | AW99: =交易记录!H518 -> 0 | AX99: =交易记录!H549 -> 0 | AY99: =IFERROR((AX99-$G99)*AW99,0) -> 0 | AZ99: =交易记录!H582 -> 0 | BA99: =交易记录!H613 -> 0 | BB99: =IFERROR((BA99-$G99)*AZ99,0) -> 0 | BC99: =交易记录!H646 -> 0 | BD99: =交易记录!H677 -> 0 | BE99: =IFERROR((BD99-$G99)*BC99,0) -> 0 | BF99: =交易记录!H710 -> 0 | BG99: =交易记录!H741 -> 0 | BH99: =IFERROR((BG99-$G99)*BF99,0) -> 0 | BI99: =交易记录!H774 -> 0 | BJ99: =交易记录!H805 -> 0 | BK99: =IFERROR((BJ99-$G99)*BI99,0) -> 0 | BL99: =交易记录!H838 -> 0 | BM99: =交易记录!H869 -> 0 | BN99: =IFERROR((BM99-$G99)*BL99,0) -> 0 | BO99: =交易记录!H902 -> 0 | BP99: =交易记录!H933 -> 0 | BQ99: =IFERROR((BP99-$G99)*BO99,0) -> 0
A100: ='维护-日期'!A$7 -> 46270 | B100: 02:00-03:00 | C100: =D100 -> 14.812 | D100: =ROUND(INDEX(持仓数据!$C$3:$AG$26,MATCH('计算过程-数据汇总'!B100,持仓数据!$B$3:$B$26,0),MATCH('计算过程-数据汇总'!A100,'维护-日期'!$B$2:$AF$2,0)),3) -> 14.812 | E100: =D100*1 -> 14.812 | F100: =持仓数据!G74 -> 0.086 | G100: 372 | H100: 372 | I100: 0 | J100: 0 | K100: =IF(持仓数据!G107="",0,持仓数据!G107) -> 372 | L100: =I100*J100 -> 0 | M100: =IFERROR(C100*G100,0) -> 5510.064 | N100: =IFERROR((D100-C100)*(G100-H100),0) -> 0 | O100: =IFERROR((E100-D100)*(G100-H100),0) -> 0 | P100: =IFERROR(F100*(K100-G100),0) -> 0 | Q100: =IFERROR(IF(ABS((E100-C100)/C100)>0.2,IF(SUM(N100:O100)<0,ABS(G100-H100)*(ABS(C100-E100)-C100*0.2),0),0),IF(SUM(N100:O100)<0,ABS(G100-H100)*(ABS(C100-E100)-C100*0.2),0)) -> 0 | R100: =IFERROR(K100*C100,0) -> 5510.064 | S100: =IFERROR((D100-E100)*(K100-G100),0) -> 0 | T100: =IFERROR((F100-D100)*(K100-G100),0) -> 0 | U100: =IFERROR((D100-C100)*(K100-H100),0) -> 0 | V100: =IFERROR((E100-D100)*(K100-H100),0) -> 0 | X100: =ROUND(D100*1.2-SUM(Y100,AB100,AE100,AH100,AK100,AN100,AQ100,AT100,AW100,AZ100,BC100,BF100,BI100,BL100,BO100),3) -> 17.688 | Y100: =交易记录!H7 -> 0.086 | Z100: =交易记录!H38 -> 372 | AA100: =IFERROR((Z100-G100)*Y100,0) -> 0 | AB100: =交易记录!H71 -> 0 | AC100: =交易记录!H102 -> 0 | AD100: =IFERROR((AC100-$G100)*AB100,0) -> 0 | AE100: =交易记录!H135 -> 0 | AF100: =交易记录!H166 -> 0 | AG100: =IFERROR((AF100-$G100)*AE100,0) -> 0 | AH100: =交易记录!H199 -> 0 | AI100: =交易记录!H230 -> 0 | AJ100: =IFERROR((AI100-$G100)*AH100,0) -> 0 | AK100: =交易记录!H263 -> 0 | AL100: =交易记录!H294 -> 0 | AM100: =IFERROR((AL100-$G100)*AK100,0) -> 0 | AN100: =交易记录!H327 -> 0 | AO100: =交易记录!H358 -> 0 | AP100: =IFERROR((AO100-$G100)*AN100,0) -> 0 | AQ100: =交易记录!H391 -> 0 | AR100: =交易记录!H422 -> 0 | AS100: =IFERROR((AR100-$G100)*AQ100,0) -> 0 | AT100: =交易记录!H455 -> 0 | AU100: =交易记录!H486 -> 0 | AV100: =IFERROR((AU100-$G100)*AT100,0) -> 0 | AW100: =交易记录!H519 -> 0 | AX100: =交易记录!H550 -> 0 | AY100: =IFERROR((AX100-$G100)*AW100,0) -> 0 | AZ100: =交易记录!H583 -> 0 | BA100: =交易记录!H614 -> 0 | BB100: =IFERROR((BA100-$G100)*AZ100,0) -> 0 | BC100: =交易记录!H647 -> 0 | BD100: =交易记录!H678 -> 0 | BE100: =IFERROR((BD100-$G100)*BC100,0) -> 0 | BF100: =交易记录!H711 -> 0 | BG100: =交易记录!H742 -> 0 | BH100: =IFERROR((BG100-$G100)*BF100,0) -> 0 | BI100: =交易记录!H775 -> 0 | BJ100: =交易记录!H806 -> 0 | BK100: =IFERROR((BJ100-$G100)*BI100,0) -> 0 | BL100: =交易记录!H839 -> 0 | BM100: =交易记录!H870 -> 0 | BN100: =IFERROR((BM100-$G100)*BL100,0) -> 0 | BO100: =交易记录!H903 -> 0 | BP100: =交易记录!H934 -> 0 | BQ100: =IFERROR((BP100-$G100)*BO100,0) -> 0
A101: ='维护-日期'!A$7 -> 46270 | B101: 03:00-04:00 | C101: =D101 -> 13.836 | D101: =ROUND(INDEX(持仓数据!$C$3:$AG$26,MATCH('计算过程-数据汇总'!B101,持仓数据!$B$3:$B$26,0),MATCH('计算过程-数据汇总'!A101,'维护-日期'!$B$2:$AF$2,0)),3) -> 13.836 | E101: =D101*1 -> 13.836 | F101: =持仓数据!G75 -> 0.077 | G101: 372 | H101: 372 | I101: 0 | J101: 0 | K101: =IF(持仓数据!G108="",0,持仓数据!G108) -> 372 | L101: =I101*J101 -> 0 | M101: =IFERROR(C101*G101,0) -> 5146.992 | N101: =IFERROR((D101-C101)*(G101-H101),0) -> 0 | O101: =IFERROR((E101-D101)*(G101-H101),0) -> 0 | P101: =IFERROR(F101*(K101-G101),0) -> 0 | Q101: =IFERROR(IF(ABS((E101-C101)/C101)>0.2,IF(SUM(N101:O101)<0,ABS(G101-H101)*(ABS(C101-E101)-C101*0.2),0),0),IF(SUM(N101:O101)<0,ABS(G101-H101)*(ABS(C101-E101)-C101*0.2),0)) -> 0 | R101: =IFERROR(K101*C101,0) -> 5146.992 | S101: =IFERROR((D101-E101)*(K101-G101),0) -> 0 | T101: =IFERROR((F101-D101)*(K101-G101),0) -> 0 | U101: =IFERROR((D101-C101)*(K101-H101),0) -> 0 | V101: =IFERROR((E101-D101)*(K101-H101),0) -> 0 | X101: =ROUND(D101*1.2-SUM(Y101,AB101,AE101,AH101,AK101,AN101,AQ101,AT101,AW101,AZ101,BC101,BF101,BI101,BL101,BO101),3) -> 16.526 | Y101: =交易记录!H8 -> 0.077 | Z101: =交易记录!H39 -> 372 | AA101: =IFERROR((Z101-G101)*Y101,0) -> 0 | AB101: =交易记录!H72 -> 0 | AC101: =交易记录!H103 -> 0 | AD101: =IFERROR((AC101-$G101)*AB101,0) -> 0 | AE101: =交易记录!H136 -> 0 | AF101: =交易记录!H167 -> 0 | AG101: =IFERROR((AF101-$G101)*AE101,0) -> 0 | AH101: =交易记录!H200 -> 0 | AI101: =交易记录!H231 -> 0 | AJ101: =IFERROR((AI101-$G101)*AH101,0) -> 0 | AK101: =交易记录!H264 -> 0 | AL101: =交易记录!H295 -> 0 | AM101: =IFERROR((AL101-$G101)*AK101,0) -> 0 | AN101: =交易记录!H328 -> 0 | AO101: =交易记录!H359 -> 0 | AP101: =IFERROR((AO101-$G101)*AN101,0) -> 0 | AQ101: =交易记录!H392 -> 0 | AR101: =交易记录!H423 -> 0 | AS101: =IFERROR((AR101-$G101)*AQ101,0) -> 0 | AT101: =交易记录!H456 -> 0 | AU101: =交易记录!H487 -> 0 | AV101: =IFERROR((AU101-$G101)*AT101,0) -> 0 | AW101: =交易记录!H520 -> 0 | AX101: =交易记录!H551 -> 0 | AY101: =IFERROR((AX101-$G101)*AW101,0) -> 0 | AZ101: =交易记录!H584 -> 0 | BA101: =交易记录!H615 -> 0 | BB101: =IFERROR((BA101-$G101)*AZ101,0) -> 0 | BC101: =交易记录!H648 -> 0 | BD101: =交易记录!H679 -> 0 | BE101: =IFERROR((BD101-$G101)*BC101,0) -> 0 | BF101: =交易记录!H712 -> 0 | BG101: =交易记录!H743 -> 0 | BH101: =IFERROR((BG101-$G101)*BF101,0) -> 0 | BI101: =交易记录!H776 -> 0 | BJ101: =交易记录!H807 -> 0 | BK101: =IFERROR((BJ101-$G101)*BI101,0) -> 0 | BL101: =交易记录!H840 -> 0 | BM101: =交易记录!H871 -> 0 | BN101: =IFERROR((BM101-$G101)*BL101,0) -> 0 | BO101: =交易记录!H904 -> 0 | BP101: =交易记录!H935 -> 0 | BQ101: =IFERROR((BP101-$G101)*BO101,0) -> 0
A102: ='维护-日期'!A$7 -> 46270 | B102: 04:00-05:00 | C102: =D102 -> 13.28 | D102: =ROUND(INDEX(持仓数据!$C$3:$AG$26,MATCH('计算过程-数据汇总'!B102,持仓数据!$B$3:$B$26,0),MATCH('计算过程-数据汇总'!A102,'维护-日期'!$B$2:$AF$2,0)),3) -> 13.28 | E102: =D102*1 -> 13.28 | F102: =持仓数据!G76 -> 0.075 | G102: 372 | H102: 372 | I102: 0 | J102: 0 | K102: =IF(持仓数据!G109="",0,持仓数据!G109) -> 372 | L102: =I102*J102 -> 0 | M102: =IFERROR(C102*G102,0) -> 4940.16 | N102: =IFERROR((D102-C102)*(G102-H102),0) -> 0 | O102: =IFERROR((E102-D102)*(G102-H102),0) -> 0 | P102: =IFERROR(F102*(K102-G102),0) -> 0 | Q102: =IFERROR(IF(ABS((E102-C102)/C102)>0.2,IF(SUM(N102:O102)<0,ABS(G102-H102)*(ABS(C102-E102)-C102*0.2),0),0),IF(SUM(N102:O102)<0,ABS(G102-H102)*(ABS(C102-E102)-C102*0.2),0)) -> 0 | R102: =IFERROR(K102*C102,0) -> 4940.16 | S102: =IFERROR((D102-E102)*(K102-G102),0) -> 0 | T102: =IFERROR((F102-D102)*(K102-G102),0) -> 0 | U102: =IFERROR((D102-C102)*(K102-H102),0) -> 0 | V102: =IFERROR((E102-D102)*(K102-H102),0) -> 0 | X102: =ROUND(D102*1.2-SUM(Y102,AB102,AE102,AH102,AK102,AN102,AQ102,AT102,AW102,AZ102,BC102,BF102,BI102,BL102,BO102),3) -> 15.861 | Y102: =交易记录!H9 -> 0.075 | Z102: =交易记录!H40 -> 372 | AA102: =IFERROR((Z102-G102)*Y102,0) -> 0 | AB102: =交易记录!H73 -> 0 | AC102: =交易记录!H104 -> 0 | AD102: =IFERROR((AC102-$G102)*AB102,0) -> 0 | AE102: =交易记录!H137 -> 0 | AF102: =交易记录!H168 -> 0 | AG102: =IFERROR((AF102-$G102)*AE102,0) -> 0 | AH102: =交易记录!H201 -> 0 | AI102: =交易记录!H232 -> 0 | AJ102: =IFERROR((AI102-$G102)*AH102,0) -> 0 | AK102: =交易记录!H265 -> 0 | AL102: =交易记录!H296 -> 0 | AM102: =IFERROR((AL102-$G102)*AK102,0) -> 0 | AN102: =交易记录!H329 -> 0 | AO102: =交易记录!H360 -> 0 | AP102: =IFERROR((AO102-$G102)*AN102,0) -> 0 | AQ102: =交易记录!H393 -> 0 | AR102: =交易记录!H424 -> 0 | AS102: =IFERROR((AR102-$G102)*AQ102,0) -> 0 | AT102: =交易记录!H457 -> 0 | AU102: =交易记录!H488 -> 0 | AV102: =IFERROR((AU102-$G102)*AT102,0) -> 0 | AW102: =交易记录!H521 -> 0 | AX102: =交易记录!H552 -> 0 | AY102: =IFERROR((AX102-$G102)*AW102,0) -> 0 | AZ102: =交易记录!H585 -> 0 | BA102: =交易记录!H616 -> 0 | BB102: =IFERROR((BA102-$G102)*AZ102,0) -> 0 | BC102: =交易记录!H649 -> 0 | BD102: =交易记录!H680 -> 0 | BE102: =IFERROR((BD102-$G102)*BC102,0) -> 0 | BF102: =交易记录!H713 -> 0 | BG102: =交易记录!H744 -> 0 | BH102: =IFERROR((BG102-$G102)*BF102,0) -> 0 | BI102: =交易记录!H777 -> 0 | BJ102: =交易记录!H808 -> 0 | BK102: =IFERROR((BJ102-$G102)*BI102,0) -> 0 | BL102: =交易记录!H841 -> 0 | BM102: =交易记录!H872 -> 0 | BN102: =IFERROR((BM102-$G102)*BL102,0) -> 0 | BO102: =交易记录!H905 -> 0 | BP102: =交易记录!H936 -> 0 | BQ102: =IFERROR((BP102-$G102)*BO102,0) -> 0
A103: ='维护-日期'!A$7 -> 46270 | B103: 05:00-06:00 | C103: =D103 -> 12.787 | D103: =ROUND(INDEX(持仓数据!$C$3:$AG$26,MATCH('计算过程-数据汇总'!B103,持仓数据!$B$3:$B$26,0),MATCH('计算过程-数据汇总'!A103,'维护-日期'!$B$2:$AF$2,0)),3) -> 12.787 | E103: =D103*1 -> 12.787 | F103: =持仓数据!G77 -> 0.075 | G103: 372 | H103: 372 | I103: 0 | J103: 0 | K103: =IF(持仓数据!G110="",0,持仓数据!G110) -> 372 | L103: =I103*J103 -> 0 | M103: =IFERROR(C103*G103,0) -> 4756.764 | N103: =IFERROR((D103-C103)*(G103-H103),0) -> 0 | O103: =IFERROR((E103-D103)*(G103-H103),0) -> 0 | P103: =IFERROR(F103*(K103-G103),0) -> 0 | Q103: =IFERROR(IF(ABS((E103-C103)/C103)>0.2,IF(SUM(N103:O103)<0,ABS(G103-H103)*(ABS(C103-E103)-C103*0.2),0),0),IF(SUM(N103:O103)<0,ABS(G103-H103)*(ABS(C103-E103)-C103*0.2),0)) -> 0 | R103: =IFERROR(K103*C103,0) -> 4756.764 | S103: =IFERROR((D103-E103)*(K103-G103),0) -> 0 | T103: =IFERROR((F103-D103)*(K103-G103),0) -> 0 | U103: =IFERROR((D103-C103)*(K103-H103),0) -> 0 | V103: =IFERROR((E103-D103)*(K103-H103),0) -> 0 | X103: =ROUND(D103*1.2-SUM(Y103,AB103,AE103,AH103,AK103,AN103,AQ103,AT103,AW103,AZ103,BC103,BF103,BI103,BL103,BO103),3) -> 15.269 | Y103: =交易记录!H10 -> 0.075 | Z103: =交易记录!H41 -> 372 | AA103: =IFERROR((Z103-G103)*Y103,0) -> 0 | AB103: =交易记录!H74 -> 0 | AC103: =交易记录!H105 -> 0 | AD103: =IFERROR((AC103-$G103)*AB103,0) -> 0 | AE103: =交易记录!H138 -> 0 | AF103: =交易记录!H169 -> 0 | AG103: =IFERROR((AF103-$G103)*AE103,0) -> 0 | AH103: =交易记录!H202 -> 0 | AI103: =交易记录!H233 -> 0 | AJ103: =IFERROR((AI103-$G103)*AH103,0) -> 0 | AK103: =交易记录!H266 -> 0 | AL103: =交易记录!H297 -> 0 | AM103: =IFERROR((AL103-$G103)*AK103,0) -> 0 | AN103: =交易记录!H330 -> 0 | AO103: =交易记录!H361 -> 0 | AP103: =IFERROR((AO103-$G103)*AN103,0) -> 0 | AQ103: =交易记录!H394 -> 0 | AR103: =交易记录!H425 -> 0 | AS103: =IFERROR((AR103-$G103)*AQ103,0) -> 0 | AT103: =交易记录!H458 -> 0 | AU103: =交易记录!H489 -> 0 | AV103: =IFERROR((AU103-$G103)*AT103,0) -> 0 | AW103: =交易记录!H522 -> 0 | AX103: =交易记录!H553 -> 0 | AY103: =IFERROR((AX103-$G103)*AW103,0) -> 0 | AZ103: =交易记录!H586 -> 0 | BA103: =交易记录!H617 -> 0 | BB103: =IFERROR((BA103-$G103)*AZ103,0) -> 0 | BC103: =交易记录!H650 -> 0 | BD103: =交易记录!H681 -> 0 | BE103: =IFERROR((BD103-$G103)*BC103,0) -> 0 | BF103: =交易记录!H714 -> 0 | BG103: =交易记录!H745 -> 0 | BH103: =IFERROR((BG103-$G103)*BF103,0) -> 0 | BI103: =交易记录!H778 -> 0 | BJ103: =交易记录!H809 -> 0 | BK103: =IFERROR((BJ103-$G103)*BI103,0) -> 0 | BL103: =交易记录!H842 -> 0 | BM103: =交易记录!H873 -> 0 | BN103: =IFERROR((BM103-$G103)*BL103,0) -> 0 | BO103: =交易记录!H906 -> 0 | BP103: =交易记录!H937 -> 0 | BQ103: =IFERROR((BP103-$G103)*BO103,0) -> 0
A104: ='维护-日期'!A$7 -> 46270 | B104: 06:00-07:00 | C104: =D104 -> 12.55 | D104: =ROUND(INDEX(持仓数据!$C$3:$AG$26,MATCH('计算过程-数据汇总'!B104,持仓数据!$B$3:$B$26,0),MATCH('计算过程-数据汇总'!A104,'维护-日期'!$B$2:$AF$2,0)),3) -> 12.55 | E104: =D104*1 -> 12.55 | F104: =持仓数据!G78 -> 0.106 | G104: 372 | H104: 372 | I104: 0 | J104: 0 | K104: =IF(持仓数据!G111="",0,持仓数据!G111) -> 372 | L104: =I104*J104 -> 0 | M104: =IFERROR(C104*G104,0) -> 4668.6 | N104: =IFERROR((D104-C104)*(G104-H104),0) -> 0 | O104: =IFERROR((E104-D104)*(G104-H104),0) -> 0 | P104: =IFERROR(F104*(K104-G104),0) -> 6.0254024e-15 | Q104: =IFERROR(IF(ABS((E104-C104)/C104)>0.2,IF(SUM(N104:O104)<0,ABS(G104-H104)*(ABS(C104-E104)-C104*0.2),0),0),IF(SUM(N104:O104)<0,ABS(G104-H104)*(ABS(C104-E104)-C104*0.2),0)) -> 0 | R104: =IFERROR(K104*C104,0) -> 4668.6 | S104: =IFERROR((D104-E104)*(K104-G104),0) -> 0 | T104: =IFERROR((F104-D104)*(K104-G104),0) -> -7.073595e-13 | U104: =IFERROR((D104-C104)*(K104-H104),0) -> 0 | V104: =IFERROR((E104-D104)*(K104-H104),0) -> 0 | X104: =ROUND(D104*1.2-SUM(Y104,AB104,AE104,AH104,AK104,AN104,AQ104,AT104,AW104,AZ104,BC104,BF104,BI104,BL104,BO104),3) -> 14.954 | Y104: =交易记录!H11 -> 0.106 | Z104: =交易记录!H42 -> 372 | AA104: =IFERROR((Z104-G104)*Y104,0) -> 0 | AB104: =交易记录!H75 -> 0 | AC104: =交易记录!H106 -> 0 | AD104: =IFERROR((AC104-$G104)*AB104,0) -> 0 | AE104: =交易记录!H139 -> 0 | AF104: =交易记录!H170 -> 0 | AG104: =IFERROR((AF104-$G104)*AE104,0) -> 0 | AH104: =交易记录!H203 -> 0 | AI104: =交易记录!H234 -> 0 | AJ104: =IFERROR((AI104-$G104)*AH104,0) -> 0 | AK104: =交易记录!H267 -> 0 | AL104: =交易记录!H298 -> 0 | AM104: =IFERROR((AL104-$G104)*AK104,0) -> 0 | AN104: =交易记录!H331 -> 0 | AO104: =交易记录!H362 -> 0 | AP104: =IFERROR((AO104-$G104)*AN104,0) -> 0 | AQ104: =交易记录!H395 -> 0 | AR104: =交易记录!H426 -> 0 | AS104: =IFERROR((AR104-$G104)*AQ104,0) -> 0 | AT104: =交易记录!H459 -> 0 | AU104: =交易记录!H490 -> 0 | AV104: =IFERROR((AU104-$G104)*AT104,0) -> 0 | AW104: =交易记录!H523 -> 0 | AX104: =交易记录!H554 -> 0 | AY104: =IFERROR((AX104-$G104)*AW104,0) -> 0 | AZ104: =交易记录!H587 -> 0 | BA104: =交易记录!H618 -> 0 | BB104: =IFERROR((BA104-$G104)*AZ104,0) -> 0 | BC104: =交易记录!H651 -> 0 | BD104: =交易记录!H682 -> 0 | BE104: =IFERROR((BD104-$G104)*BC104,0) -> 0 | BF104: =交易记录!H715 -> 0 | BG104: =交易记录!H746 -> 0 | BH104: =IFERROR((BG104-$G104)*BF104,0) -> 0 | BI104: =交易记录!H779 -> 0 | BJ104: =交易记录!H810 -> 0 | BK104: =IFERROR((BJ104-$G104)*BI104,0) -> 0 | BL104: =交易记录!H843 -> 0 | BM104: =交易记录!H874 -> 0 | BN104: =IFERROR((BM104-$G104)*BL104,0) -> 0 | BO104: =交易记录!H907 -> 0 | BP104: =交易记录!H938 -> 0 | BQ104: =IFERROR((BP104-$G104)*BO104,0) -> 0
A105: ='维护-日期'!A$7 -> 46270 | B105: 07:00-08:00 | C105: =D105 -> 12.419 | D105: =ROUND(INDEX(持仓数据!$C$3:$AG$26,MATCH('计算过程-数据汇总'!B105,持仓数据!$B$3:$B$26,0),MATCH('计算过程-数据汇总'!A105,'维护-日期'!$B$2:$AF$2,0)),3) -> 12.419 | E105: =D105*1 -> 12.419 | F105: =持仓数据!G79 -> 0.116 | G105: 372 | H105: 372 | I105: 0 | J105: 0 | K105: =IF(持仓数据!G112="",0,持仓数据!G112) -> 372 | L105: =I105*J105 -> 0 | M105: =IFERROR(C105*G105,0) -> 4619.868 | N105: =IFERROR((D105-C105)*(G105-H105),0) -> 0 | O105: =IFERROR((E105-D105)*(G105-H105),0) -> 0 | P105: =IFERROR(F105*(K105-G105),0) -> 0 | Q105: =IFERROR(IF(ABS((E105-C105)/C105)>0.2,IF(SUM(N105:O105)<0,ABS(G105-H105)*(ABS(C105-E105)-C105*0.2),0),0),IF(SUM(N105:O105)<0,ABS(G105-H105)*(ABS(C105-E105)-C105*0.2),0)) -> 0 | R105: =IFERROR(K105*C105,0) -> 4619.868 | S105: =IFERROR((D105-E105)*(K105-G105),0) -> 0 | T105: =IFERROR((F105-D105)*(K105-G105),0) -> 0 | U105: =IFERROR((D105-C105)*(K105-H105),0) -> 0 | V105: =IFERROR((E105-D105)*(K105-H105),0) -> 0 | X105: =ROUND(D105*1.2-SUM(Y105,AB105,AE105,AH105,AK105,AN105,AQ105,AT105,AW105,AZ105,BC105,BF105,BI105,BL105,BO105),3) -> 14.787 | Y105: =交易记录!H12 -> 0.116 | Z105: =交易记录!H43 -> 372 | AA105: =IFERROR((Z105-G105)*Y105,0) -> 0 | AB105: =交易记录!H76 -> 0 | AC105: =交易记录!H107 -> 0 | AD105: =IFERROR((AC105-$G105)*AB105,0) -> 0 | AE105: =交易记录!H140 -> 0 | AF105: =交易记录!H171 -> 0 | AG105: =IFERROR((AF105-$G105)*AE105,0) -> 0 | AH105: =交易记录!H204 -> 0 | AI105: =交易记录!H235 -> 0 | AJ105: =IFERROR((AI105-$G105)*AH105,0) -> 0 | AK105: =交易记录!H268 -> 0 | AL105: =交易记录!H299 -> 0 | AM105: =IFERROR((AL105-$G105)*AK105,0) -> 0 | AN105: =交易记录!H332 -> 0 | AO105: =交易记录!H363 -> 0 | AP105: =IFERROR((AO105-$G105)*AN105,0) -> 0 | AQ105: =交易记录!H396 -> 0 | AR105: =交易记录!H427 -> 0 | AS105: =IFERROR((AR105-$G105)*AQ105,0) -> 0 | AT105: =交易记录!H460 -> 0 | AU105: =交易记录!H491 -> 0 | AV105: =IFERROR((AU105-$G105)*AT105,0) -> 0 | AW105: =交易记录!H524 -> 0 | AX105: =交易记录!H555 -> 0 | AY105: =IFERROR((AX105-$G105)*AW105,0) -> 0 | AZ105: =交易记录!H588 -> 0 | BA105: =交易记录!H619 -> 0 | BB105: =IFERROR((BA105-$G105)*AZ105,0) -> 0 | BC105: =交易记录!H652 -> 0 | BD105: =交易记录!H683 -> 0 | BE105: =IFERROR((BD105-$G105)*BC105,0) -> 0 | BF105: =交易记录!H716 -> 0 | BG105: =交易记录!H747 -> 0 | BH105: =IFERROR((BG105-$G105)*BF105,0) -> 0 | BI105: =交易记录!H780 -> 0 | BJ105: =交易记录!H811 -> 0 | BK105: =IFERROR((BJ105-$G105)*BI105,0) -> 0 | BL105: =交易记录!H844 -> 0 | BM105: =交易记录!H875 -> 0 | BN105: =IFERROR((BM105-$G105)*BL105,0) -> 0 | BO105: =交易记录!H908 -> 0 | BP105: =交易记录!H939 -> 0 | BQ105: =IFERROR((BP105-$G105)*BO105,0) -> 0
A106: ='维护-日期'!A$7 -> 46270 | B106: 08:00-09:00 | C106: =D106 -> 13.66 | D106: =ROUND(INDEX(持仓数据!$C$3:$AG$26,MATCH('计算过程-数据汇总'!B106,持仓数据!$B$3:$B$26,0),MATCH('计算过程-数据汇总'!A106,'维护-日期'!$B$2:$AF$2,0)),3) -> 13.66 | E106: =D106*1 -> 13.66 | F106: =持仓数据!G80 -> 0.122 | G106: 372 | H106: 372 | I106: 0 | J106: 0 | K106: =IF(持仓数据!G113="",0,持仓数据!G113) -> 372 | L106: =I106*J106 -> 0 | M106: =IFERROR(C106*G106,0) -> 5081.52 | N106: =IFERROR((D106-C106)*(G106-H106),0) -> 0 | O106: =IFERROR((E106-D106)*(G106-H106),0) -> 0 | P106: =IFERROR(F106*(K106-G106),0) -> 0 | Q106: =IFERROR(IF(ABS((E106-C106)/C106)>0.2,IF(SUM(N106:O106)<0,ABS(G106-H106)*(ABS(C106-E106)-C106*0.2),0),0),IF(SUM(N106:O106)<0,ABS(G106-H106)*(ABS(C106-E106)-C106*0.2),0)) -> 0 | R106: =IFERROR(K106*C106,0) -> 5081.52 | S106: =IFERROR((D106-E106)*(K106-G106),0) -> 0 | T106: =IFERROR((F106-D106)*(K106-G106),0) -> 0 | U106: =IFERROR((D106-C106)*(K106-H106),0) -> 0 | V106: =IFERROR((E106-D106)*(K106-H106),0) -> 0 | X106: =ROUND(D106*1.2-SUM(Y106,AB106,AE106,AH106,AK106,AN106,AQ106,AT106,AW106,AZ106,BC106,BF106,BI106,BL106,BO106),3) -> 16.27 | Y106: =交易记录!H13 -> 0.122 | Z106: =交易记录!H44 -> 372 | AA106: =IFERROR((Z106-G106)*Y106,0) -> 0 | AB106: =交易记录!H77 -> 0 | AC106: =交易记录!H108 -> 0 | AD106: =IFERROR((AC106-$G106)*AB106,0) -> 0 | AE106: =交易记录!H141 -> 0 | AF106: =交易记录!H172 -> 0 | AG106: =IFERROR((AF106-$G106)*AE106,0) -> 0 | AH106: =交易记录!H205 -> 0 | AI106: =交易记录!H236 -> 0 | AJ106: =IFERROR((AI106-$G106)*AH106,0) -> 0 | AK106: =交易记录!H269 -> 0 | AL106: =交易记录!H300 -> 0 | AM106: =IFERROR((AL106-$G106)*AK106,0) -> 0 | AN106: =交易记录!H333 -> 0 | AO106: =交易记录!H364 -> 0 | AP106: =IFERROR((AO106-$G106)*AN106,0) -> 0 | AQ106: =交易记录!H397 -> 0 | AR106: =交易记录!H428 -> 0 | AS106: =IFERROR((AR106-$G106)*AQ106,0) -> 0 | AT106: =交易记录!H461 -> 0 | AU106: =交易记录!H492 -> 0 | AV106: =IFERROR((AU106-$G106)*AT106,0) -> 0 | AW106: =交易记录!H525 -> 0 | AX106: =交易记录!H556 -> 0 | AY106: =IFERROR((AX106-$G106)*AW106,0) -> 0 | AZ106: =交易记录!H589 -> 0 | BA106: =交易记录!H620 -> 0 | BB106: =IFERROR((BA106-$G106)*AZ106,0) -> 0 | BC106: =交易记录!H653 -> 0 | BD106: =交易记录!H684 -> 0 | BE106: =IFERROR((BD106-$G106)*BC106,0) -> 0 | BF106: =交易记录!H717 -> 0 | BG106: =交易记录!H748 -> 0 | BH106: =IFERROR((BG106-$G106)*BF106,0) -> 0 | BI106: =交易记录!H781 -> 0 | BJ106: =交易记录!H812 -> 0 | BK106: =IFERROR((BJ106-$G106)*BI106,0) -> 0 | BL106: =交易记录!H845 -> 0 | BM106: =交易记录!H876 -> 0 | BN106: =IFERROR((BM106-$G106)*BL106,0) -> 0 | BO106: =交易记录!H909 -> 0 | BP106: =交易记录!H940 -> 0 | BQ106: =IFERROR((BP106-$G106)*BO106,0) -> 0
A107: ='维护-日期'!A$7 -> 46270 | B107: 09:00-10:00 | C107: =D107 -> 16.833 | D107: =ROUND(INDEX(持仓数据!$C$3:$AG$26,MATCH('计算过程-数据汇总'!B107,持仓数据!$B$3:$B$26,0),MATCH('计算过程-数据汇总'!A107,'维护-日期'!$B$2:$AF$2,0)),3) -> 16.833 | E107: =D107*1 -> 16.833 | F107: =持仓数据!G81 -> 0.127 | G107: 372 | H107: 372 | I107: 0 | J107: 0 | K107: =IF(持仓数据!G114="",0,持仓数据!G114) -> 372 | L107: =I107*J107 -> 0 | M107: =IFERROR(C107*G107,0) -> 6261.876 | N107: =IFERROR((D107-C107)*(G107-H107),0) -> 0 | O107: =IFERROR((E107-D107)*(G107-H107),0) -> 0 | P107: =IFERROR(F107*(K107-G107),0) -> 0 | Q107: =IFERROR(IF(ABS((E107-C107)/C107)>0.2,IF(SUM(N107:O107)<0,ABS(G107-H107)*(ABS(C107-E107)-C107*0.2),0),0),IF(SUM(N107:O107)<0,ABS(G107-H107)*(ABS(C107-E107)-C107*0.2),0)) -> 0 | R107: =IFERROR(K107*C107,0) -> 6261.876 | S107: =IFERROR((D107-E107)*(K107-G107),0) -> 0 | T107: =IFERROR((F107-D107)*(K107-G107),0) -> 0 | U107: =IFERROR((D107-C107)*(K107-H107),0) -> 0 | V107: =IFERROR((E107-D107)*(K107-H107),0) -> 0 | X107: =ROUND(D107*1.2-SUM(Y107,AB107,AE107,AH107,AK107,AN107,AQ107,AT107,AW107,AZ107,BC107,BF107,BI107,BL107,BO107),3) -> 20.073 | Y107: =交易记录!H14 -> 0.127 | Z107: =交易记录!H45 -> 372 | AA107: =IFERROR((Z107-G107)*Y107,0) -> 0 | AB107: =交易记录!H78 -> 0 | AC107: =交易记录!H109 -> 0 | AD107: =IFERROR((AC107-$G107)*AB107,0) -> 0 | AE107: =交易记录!H142 -> 0 | AF107: =交易记录!H173 -> 0 | AG107: =IFERROR((AF107-$G107)*AE107,0) -> 0 | AH107: =交易记录!H206 -> 0 | AI107: =交易记录!H237 -> 0 | AJ107: =IFERROR((AI107-$G107)*AH107,0) -> 0 | AK107: =交易记录!H270 -> 0 | AL107: =交易记录!H301 -> 0 | AM107: =IFERROR((AL107-$G107)*AK107,0) -> 0 | AN107: =交易记录!H334 -> 0 | AO107: =交易记录!H365 -> 0 | AP107: =IFERROR((AO107-$G107)*AN107,0) -> 0 | AQ107: =交易记录!H398 -> 0 | AR107: =交易记录!H429 -> 0 | AS107: =IFERROR((AR107-$G107)*AQ107,0) -> 0 | AT107: =交易记录!H462 -> 0 | AU107: =交易记录!H493 -> 0 | AV107: =IFERROR((AU107-$G107)*AT107,0) -> 0 | AW107: =交易记录!H526 -> 0 | AX107: =交易记录!H557 -> 0 | AY107: =IFERROR((AX107-$G107)*AW107,0) -> 0 | AZ107: =交易记录!H590 -> 0 | BA107: =交易记录!H621 -> 0 | BB107: =IFERROR((BA107-$G107)*AZ107,0) -> 0 | BC107: =交易记录!H654 -> 0 | BD107: =交易记录!H685 -> 0 | BE107: =IFERROR((BD107-$G107)*BC107,0) -> 0 | BF107: =交易记录!H718 -> 0 | BG107: =交易记录!H749 -> 0 | BH107: =IFERROR((BG107-$G107)*BF107,0) -> 0 | BI107: =交易记录!H782 -> 0 | BJ107: =交易记录!H813 -> 0 | BK107: =IFERROR((BJ107-$G107)*BI107,0) -> 0 | BL107: =交易记录!H846 -> 0 | BM107: =交易记录!H877 -> 0 | BN107: =IFERROR((BM107-$G107)*BL107,0) -> 0 | BO107: =交易记录!H910 -> 0 | BP107: =交易记录!H941 -> 0 | BQ107: =IFERROR((BP107-$G107)*BO107,0) -> 0
A108: ='维护-日期'!A$7 -> 46270 | B108: 10:00-11:00 | C108: =D108 -> 18.839 | D108: =ROUND(INDEX(持仓数据!$C$3:$AG$26,MATCH('计算过程-数据汇总'!B108,持仓数据!$B$3:$B$26,0),MATCH('计算过程-数据汇总'!A108,'维护-日期'!$B$2:$AF$2,0)),3) -> 18.839 | E108: =D108*1 -> 18.839 | F108: =持仓数据!G82 -> 0.128 | G108: 372 | H108: 372 | I108: 0 | J108: 0 | K108: =IF(持仓数据!G115="",0,持仓数据!G115) -> 372 | L108: =I108*J108 -> 0 | M108: =IFERROR(C108*G108,0) -> 7008.108 | N108: =IFERROR((D108-C108)*(G108-H108),0) -> 0 | O108: =IFERROR((E108-D108)*(G108-H108),0) -> 0 | P108: =IFERROR(F108*(K108-G108),0) -> 0 | Q108: =IFERROR(IF(ABS((E108-C108)/C108)>0.2,IF(SUM(N108:O108)<0,ABS(G108-H108)*(ABS(C108-E108)-C108*0.2),0),0),IF(SUM(N108:O108)<0,ABS(G108-H108)*(ABS(C108-E108)-C108*0.2),0)) -> 0 | R108: =IFERROR(K108*C108,0) -> 7008.108 | S108: =IFERROR((D108-E108)*(K108-G108),0) -> 0 | T108: =IFERROR((F108-D108)*(K108-G108),0) -> 0 | U108: =IFERROR((D108-C108)*(K108-H108),0) -> 0 | V108: =IFERROR((E108-D108)*(K108-H108),0) -> 0 | X108: =ROUND(D108*1.2-SUM(Y108,AB108,AE108,AH108,AK108,AN108,AQ108,AT108,AW108,AZ108,BC108,BF108,BI108,BL108,BO108),3) -> 22.479 | Y108: =交易记录!H15 -> 0.128 | Z108: =交易记录!H46 -> 372 | AA108: =IFERROR((Z108-G108)*Y108,0) -> 0 | AB108: =交易记录!H79 -> 0 | AC108: =交易记录!H110 -> 0 | AD108: =IFERROR((AC108-$G108)*AB108,0) -> 0 | AE108: =交易记录!H143 -> 0 | AF108: =交易记录!H174 -> 0 | AG108: =IFERROR((AF108-$G108)*AE108,0) -> 0 | AH108: =交易记录!H207 -> 0 | AI108: =交易记录!H238 -> 0 | AJ108: =IFERROR((AI108-$G108)*AH108,0) -> 0 | AK108: =交易记录!H271 -> 0 | AL108: =交易记录!H302 -> 0 | AM108: =IFERROR((AL108-$G108)*AK108,0) -> 0 | AN108: =交易记录!H335 -> 0 | AO108: =交易记录!H366 -> 0 | AP108: =IFERROR((AO108-$G108)*AN108,0) -> 0 | AQ108: =交易记录!H399 -> 0 | AR108: =交易记录!H430 -> 0 | AS108: =IFERROR((AR108-$G108)*AQ108,0) -> 0 | AT108: =交易记录!H463 -> 0 | AU108: =交易记录!H494 -> 0 | AV108: =IFERROR((AU108-$G108)*AT108,0) -> 0 | AW108: =交易记录!H527 -> 0 | AX108: =交易记录!H558 -> 0 | AY108: =IFERROR((AX108-$G108)*AW108,0) -> 0 | AZ108: =交易记录!H591 -> 0 | BA108: =交易记录!H622 -> 0 | BB108: =IFERROR((BA108-$G108)*AZ108,0) -> 0 | BC108: =交易记录!H655 -> 0 | BD108: =交易记录!H686 -> 0 | BE108: =IFERROR((BD108-$G108)*BC108,0) -> 0 | BF108: =交易记录!H719 -> 0 | BG108: =交易记录!H750 -> 0 | BH108: =IFERROR((BG108-$G108)*BF108,0) -> 0 | BI108: =交易记录!H783 -> 0 | BJ108: =交易记录!H814 -> 0 | BK108: =IFERROR((BJ108-$G108)*BI108,0) -> 0 | BL108: =交易记录!H847 -> 0 | BM108: =交易记录!H878 -> 0 | BN108: =IFERROR((BM108-$G108)*BL108,0) -> 0 | BO108: =交易记录!H911 -> 0 | BP108: =交易记录!H942 -> 0 | BQ108: =IFERROR((BP108-$G108)*BO108,0) -> 0
A109: ='维护-日期'!A$7 -> 46270 | B109: 11:00-12:00 | C109: =D109 -> 19.346 | D109: =ROUND(INDEX(持仓数据!$C$3:$AG$26,MATCH('计算过程-数据汇总'!B109,持仓数据!$B$3:$B$26,0),MATCH('计算过程-数据汇总'!A109,'维护-日期'!$B$2:$AF$2,0)),3) -> 19.346 | E109: =D109*1 -> 19.346 | F109: =持仓数据!G83 -> 0.13 | G109: 372 | H109: 372 | I109: 0 | J109: 0 | K109: =IF(持仓数据!G116="",0,持仓数据!G116) -> 372 | L109: =I109*J109 -> 0 | M109: =IFERROR(C109*G109,0) -> 7196.712 | N109: =IFERROR((D109-C109)*(G109-H109),0) -> 0 | O109: =IFERROR((E109-D109)*(G109-H109),0) -> 0 | P109: =IFERROR(F109*(K109-G109),0) -> 0 | Q109: =IFERROR(IF(ABS((E109-C109)/C109)>0.2,IF(SUM(N109:O109)<0,ABS(G109-H109)*(ABS(C109-E109)-C109*0.2),0),0),IF(SUM(N109:O109)<0,ABS(G109-H109)*(ABS(C109-E109)-C109*0.2),0)) -> 0 | R109: =IFERROR(K109*C109,0) -> 7196.712 | S109: =IFERROR((D109-E109)*(K109-G109),0) -> 0 | T109: =IFERROR((F109-D109)*(K109-G109),0) -> 0 | U109: =IFERROR((D109-C109)*(K109-H109),0) -> 0 | V109: =IFERROR((E109-D109)*(K109-H109),0) -> 0 | X109: =ROUND(D109*1.2-SUM(Y109,AB109,AE109,AH109,AK109,AN109,AQ109,AT109,AW109,AZ109,BC109,BF109,BI109,BL109,BO109),3) -> 23.085 | Y109: =交易记录!H16 -> 0.13 | Z109: =交易记录!H47 -> 372 | AA109: =IFERROR((Z109-G109)*Y109,0) -> 0 | AB109: =交易记录!H80 -> 0 | AC109: =交易记录!H111 -> 0 | AD109: =IFERROR((AC109-$G109)*AB109,0) -> 0 | AE109: =交易记录!H144 -> 0 | AF109: =交易记录!H175 -> 0 | AG109: =IFERROR((AF109-$G109)*AE109,0) -> 0 | AH109: =交易记录!H208 -> 0 | AI109: =交易记录!H239 -> 0 | AJ109: =IFERROR((AI109-$G109)*AH109,0) -> 0 | AK109: =交易记录!H272 -> 0 | AL109: =交易记录!H303 -> 0 | AM109: =IFERROR((AL109-$G109)*AK109,0) -> 0 | AN109: =交易记录!H336 -> 0 | AO109: =交易记录!H367 -> 0 | AP109: =IFERROR((AO109-$G109)*AN109,0) -> 0 | AQ109: =交易记录!H400 -> 0 | AR109: =交易记录!H431 -> 0 | AS109: =IFERROR((AR109-$G109)*AQ109,0) -> 0 | AT109: =交易记录!H464 -> 0 | AU109: =交易记录!H495 -> 0 | AV109: =IFERROR((AU109-$G109)*AT109,0) -> 0 | AW109: =交易记录!H528 -> 0 | AX109: =交易记录!H559 -> 0 | AY109: =IFERROR((AX109-$G109)*AW109,0) -> 0 | AZ109: =交易记录!H592 -> 0 | BA109: =交易记录!H623 -> 0 | BB109: =IFERROR((BA109-$G109)*AZ109,0) -> 0 | BC109: =交易记录!H656 -> 0 | BD109: =交易记录!H687 -> 0 | BE109: =IFERROR((BD109-$G109)*BC109,0) -> 0 | BF109: =交易记录!H720 -> 0 | BG109: =交易记录!H751 -> 0 | BH109: =IFERROR((BG109-$G109)*BF109,0) -> 0 | BI109: =交易记录!H784 -> 0 | BJ109: =交易记录!H815 -> 0 | BK109: =IFERROR((BJ109-$G109)*BI109,0) -> 0 | BL109: =交易记录!H848 -> 0 | BM109: =交易记录!H879 -> 0 | BN109: =IFERROR((BM109-$G109)*BL109,0) -> 0 | BO109: =交易记录!H912 -> 0 | BP109: =交易记录!H943 -> 0 | BQ109: =IFERROR((BP109-$G109)*BO109,0) -> 0
... A121: ='维护-日期'!A$7 -> 46270 | B121: 23:00-24:00 | C121: =D121 -> 16.701 | D121: =ROUND(INDEX(持仓数据!$C$3:$AG$26,MATCH('计算过程-数据汇总'!B121,持仓数据!$B$3:$B$26,0),MATCH('计算过程-数据汇总'!A121,'维护-日期'!$B$2:$AF$2,0)),3) -> 16.701 | E121: =D121*1 -> 16.701 | F121: =持仓数据!G95 -> 0.093 | G121: 372 | H121: 372 | I121: 0 | J121: 0 | K121: =IF(持仓数据!G128="",0,持仓数据!G128) -> 372 | L121: =I121*J121 -> 0 | M121: =IFERROR(C121*G121,0) -> 6212.772 | N121: =IFERROR((D121-C121)*(G121-H121),0) -> 0 | O121: =IFERROR((E121-D121)*(G121-H121),0) -> 0 | P121: =IFERROR(F121*(K121-G121),0) -> -5.286438e-15 | Q121: =IFERROR(IF(ABS((E121-C121)/C121)>0.2,IF(SUM(N121:O121)<0,ABS(G121-H121)*(ABS(C121-E121)-C121*0.2),0),0),IF(SUM(N121:O121)<0,ABS(G121-H121)*(ABS(C121-E121)-C121*0.2),0)) -> 0 | R121: =IFERROR(K121*C121,0) -> 6212.772 | S121: =IFERROR((D121-E121)*(K121-G121),0) -> 0 | T121: =IFERROR((F121-D121)*(K121-G121),0) -> 9.440555e-13 | U121: =IFERROR((D121-C121)*(K121-H121),0) -> 0 | V121: =IFERROR((E121-D121)*(K121-H121),0) -> 0 | X121: =ROUND(D121*1.2-SUM(Y121,AB121,AE121,AH121,AK121,AN121,AQ121,AT121,AW121,AZ121,BC121,BF121,BI121,BL121,BO121),3) -> 19.948 | Y121: =交易记录!H28 -> 0.093 | Z121: =交易记录!H59 -> 372 | AA121: =IFERROR((Z121-G121)*Y121,0) -> 0 | AB121: =交易记录!H92 -> 0 | AC121: =交易记录!H123 -> 0 | AD121: =IFERROR((AC121-$G121)*AB121,0) -> 0 | AE121: =交易记录!H156 -> 0 | AF121: =交易记录!H187 -> 0 | AG121: =IFERROR((AF121-$G121)*AE121,0) -> 0 | AH121: =交易记录!H220 -> 0 | AI121: =交易记录!H251 -> 0 | AJ121: =IFERROR((AI121-$G121)*AH121,0) -> 0 | AK121: =交易记录!H284 -> 0 | AL121: =交易记录!H315 -> 0 | AM121: =IFERROR((AL121-$G121)*AK121,0) -> 0 | AN121: =交易记录!H348 -> 0 | AO121: =交易记录!H379 -> 0 | AP121: =IFERROR((AO121-$G121)*AN121,0) -> 0 | AQ121: =交易记录!H412 -> 0 | AR121: =交易记录!H443 -> 0 | AS121: =IFERROR((AR121-$G121)*AQ121,0) -> 0 | AT121: =交易记录!H476 -> 0 | AU121: =交易记录!H507 -> 0 | AV121: =IFERROR((AU121-$G121)*AT121,0) -> 0 | AW121: =交易记录!H540 -> 0 | AX121: =交易记录!H571 -> 0 | AY121: =IFERROR((AX121-$G121)*AW121,0) -> 0 | AZ121: =交易记录!H604 -> 0 | BA121: =交易记录!H635 -> 0 | BB121: =IFERROR((BA121-$G121)*AZ121,0) -> 0 | BC121: =交易记录!H668 -> 0 | BD121: =交易记录!H699 -> 0 | BE121: =IFERROR((BD121-$G121)*BC121,0) -> 0 | BF121: =交易记录!H732 -> 0 | BG121: =交易记录!H763 -> 0 | BH121: =IFERROR((BG121-$G121)*BF121,0) -> 0 | BI121: =交易记录!H796 -> 0 | BJ121: =交易记录!H827 -> 0 | BK121: =IFERROR((BJ121-$G121)*BI121,0) -> 0 | BL121: =交易记录!H860 -> 0 | BM121: =交易记录!H891 -> 0 | BN121: =IFERROR((BM121-$G121)*BL121,0) -> 0 | BO121: =交易记录!H924 -> 0 | BP121: =交易记录!H955 -> 0 | BQ121: =IFERROR((BP121-$G121)*BO121,0) -> 0
A122: ='维护-日期'!A$8 -> 46271 | B122: 00:00-01:00 | C122: =D122 -> 16.931 | D122: =ROUND(INDEX(持仓数据!$C$3:$AG$26,MATCH('计算过程-数据汇总'!B122,持仓数据!$B$3:$B$26,0),MATCH('计算过程-数据汇总'!A122,'维护-日期'!$B$2:$AF$2,0)),3) -> 16.931 | E122: =D122*1 -> 16.931 | F122: =持仓数据!H72 -> 0.1 | G122: 372 | H122: 372 | I122: 0 | J122: 0 | K122: =IF(持仓数据!H105="",0,持仓数据!H105) -> 372 | L122: =I122*J122 -> 0 | M122: =IFERROR(C122*G122,0) -> 6298.332 | N122: =IFERROR((D122-C122)*(G122-H122),0) -> 0 | O122: =IFERROR((E122-D122)*(G122-H122),0) -> 0 | P122: =IFERROR(F122*(K122-G122),0) -> 0 | Q122: =IFERROR(IF(ABS((E122-C122)/C122)>0.2,IF(SUM(N122:O122)<0,ABS(G122-H122)*(ABS(C122-E122)-C122*0.2),0),0),IF(SUM(N122:O122)<0,ABS(G122-H122)*(ABS(C122-E122)-C122*0.2),0)) -> 0 | R122: =IFERROR(K122*C122,0) -> 6298.332 | S122: =IFERROR((D122-E122)*(K122-G122),0) -> 0 | T122: =IFERROR((F122-D122)*(K122-G122),0) -> 0 | U122: =IFERROR((D122-C122)*(K122-H122),0) -> 0 | V122: =IFERROR((E122-D122)*(K122-H122),0) -> 0 | X122: =ROUND(D122*1.2-SUM(Y122,AB122,AE122,AH122,AK122,AN122,AQ122,AT122,AW122,AZ122,BC122,BF122,BI122,BL122,BO122),3) -> 20.217 | Y122: =交易记录!I5 -> 0.1 | Z122: =交易记录!I36 -> 372 | AA122: =IFERROR((Z122-G122)*Y122,0) -> 0 | AB122: =交易记录!I69 -> 0 | AC122: =交易记录!I100 -> 0 | AD122: =IFERROR((AC122-$G122)*AB122,0) -> 0 | AE122: =交易记录!I133 -> 0 | AF122: =交易记录!I164 -> 0 | AG122: =IFERROR((AF122-$G122)*AE122,0) -> 0 | AH122: =交易记录!I197 -> 0 | AI122: =交易记录!I228 -> 0 | AJ122: =IFERROR((AI122-$G122)*AH122,0) -> 0 | AK122: =交易记录!I261 -> 0 | AL122: =交易记录!I292 -> 0 | AM122: =IFERROR((AL122-$G122)*AK122,0) -> 0 | AN122: =交易记录!I325 -> 0 | AO122: =交易记录!I356 -> 0 | AP122: =IFERROR((AO122-$G122)*AN122,0) -> 0 | AQ122: =交易记录!I389 -> 0 | AR122: =交易记录!I420 -> 0 | AS122: =IFERROR((AR122-$G122)*AQ122,0) -> 0 | AT122: =交易记录!I453 -> 0 | AU122: =交易记录!I484 -> 0 | AV122: =IFERROR((AU122-$G122)*AT122,0) -> 0 | AW122: =交易记录!I517 -> 0 | AX122: =交易记录!I548 -> 0 | AY122: =IFERROR((AX122-$G122)*AW122,0) -> 0 | AZ122: =交易记录!I581 -> 0 | BA122: =交易记录!I612 -> 0 | BB122: =IFERROR((BA122-$G122)*AZ122,0) -> 0 | BC122: =交易记录!I645 -> 0 | BD122: =交易记录!I676 -> 0 | BE122: =IFERROR((BD122-$G122)*BC122,0) -> 0 | BF122: =交易记录!I709 -> 0 | BG122: =交易记录!I740 -> 0 | BH122: =IFERROR((BG122-$G122)*BF122,0) -> 0 | BI122: =交易记录!I773 -> 0 | BJ122: =交易记录!I804 -> 0 | BK122: =IFERROR((BJ122-$G122)*BI122,0) -> 0 | BL122: =交易记录!I837 -> 0 | BM122: =交易记录!I868 -> 0 | BN122: =IFERROR((BM122-$G122)*BL122,0) -> 0 | BO122: =交易记录!I901 -> 0 | BP122: =交易记录!I932 -> 0 | BQ122: =IFERROR((BP122-$G122)*BO122,0) -> 0
A123: ='维护-日期'!A$8 -> 46271 | B123: 01:00-02:00 | C123: =D123 -> 15.778 | D123: =ROUND(INDEX(持仓数据!$C$3:$AG$26,MATCH('计算过程-数据汇总'!B123,持仓数据!$B$3:$B$26,0),MATCH('计算过程-数据汇总'!A123,'维护-日期'!$B$2:$AF$2,0)),3) -> 15.778 | E123: =D123*1 -> 15.778 | F123: =持仓数据!H73 -> 0.095 | G123: 372 | H123: 372 | I123: 0 | J123: 0 | K123: =IF(持仓数据!H106="",0,持仓数据!H106) -> 372 | L123: =I123*J123 -> 0 | M123: =IFERROR(C123*G123,0) -> 5869.416 | N123: =IFERROR((D123-C123)*(G123-H123),0) -> 0 | O123: =IFERROR((E123-D123)*(G123-H123),0) -> 0 | P123: =IFERROR(F123*(K123-G123),0) -> 5.4001248e-15 | Q123: =IFERROR(IF(ABS((E123-C123)/C123)>0.2,IF(SUM(N123:O123)<0,ABS(G123-H123)*(ABS(C123-E123)-C123*0.2),0),0),IF(SUM(N123:O123)<0,ABS(G123-H123)*(ABS(C123-E123)-C123*0.2),0)) -> 0 | R123: =IFERROR(K123*C123,0) -> 5869.416 | S123: =IFERROR((D123-E123)*(K123-G123),0) -> 0 | T123: =IFERROR((F123-D123)*(K123-G123),0) -> -8.9147534e-13 | U123: =IFERROR((D123-C123)*(K123-H123),0) -> 0 | V123: =IFERROR((E123-D123)*(K123-H123),0) -> 0 | X123: =ROUND(D123*1.2-SUM(Y123,AB123,AE123,AH123,AK123,AN123,AQ123,AT123,AW123,AZ123,BC123,BF123,BI123,BL123,BO123),3) -> 18.839 | Y123: =交易记录!I6 -> 0.095 | Z123: =交易记录!I37 -> 372 | AA123: =IFERROR((Z123-G123)*Y123,0) -> 0 | AB123: =交易记录!I70 -> 0 | AC123: =交易记录!I101 -> 0 | AD123: =IFERROR((AC123-$G123)*AB123,0) -> 0 | AE123: =交易记录!I134 -> 0 | AF123: =交易记录!I165 -> 0 | AG123: =IFERROR((AF123-$G123)*AE123,0) -> 0 | AH123: =交易记录!I198 -> 0 | AI123: =交易记录!I229 -> 0 | AJ123: =IFERROR((AI123-$G123)*AH123,0) -> 0 | AK123: =交易记录!I262 -> 0 | AL123: =交易记录!I293 -> 0 | AM123: =IFERROR((AL123-$G123)*AK123,0) -> 0 | AN123: =交易记录!I326 -> 0 | AO123: =交易记录!I357 -> 0 | AP123: =IFERROR((AO123-$G123)*AN123,0) -> 0 | AQ123: =交易记录!I390 -> 0 | AR123: =交易记录!I421 -> 0 | AS123: =IFERROR((AR123-$G123)*AQ123,0) -> 0 | AT123: =交易记录!I454 -> 0 | AU123: =交易记录!I485 -> 0 | AV123: =IFERROR((AU123-$G123)*AT123,0) -> 0 | AW123: =交易记录!I518 -> 0 | AX123: =交易记录!I549 -> 0 | AY123: =IFERROR((AX123-$G123)*AW123,0) -> 0 | AZ123: =交易记录!I582 -> 0 | BA123: =交易记录!I613 -> 0 | BB123: =IFERROR((BA123-$G123)*AZ123,0) -> 0 | BC123: =交易记录!I646 -> 0 | BD123: =交易记录!I677 -> 0 | BE123: =IFERROR((BD123-$G123)*BC123,0) -> 0 | BF123: =交易记录!I710 -> 0 | BG123: =交易记录!I741 -> 0 | BH123: =IFERROR((BG123-$G123)*BF123,0) -> 0 | BI123: =交易记录!I774 -> 0 | BJ123: =交易记录!I805 -> 0 | BK123: =IFERROR((BJ123-$G123)*BI123,0) -> 0 | BL123: =交易记录!I838 -> 0 | BM123: =交易记录!I869 -> 0 | BN123: =IFERROR((BM123-$G123)*BL123,0) -> 0 | BO123: =交易记录!I902 -> 0 | BP123: =交易记录!I933 -> 0 | BQ123: =IFERROR((BP123-$G123)*BO123,0) -> 0
A124: ='维护-日期'!A$8 -> 46271 | B124: 02:00-03:00 | C124: =D124 -> 14.812 | D124: =ROUND(INDEX(持仓数据!$C$3:$AG$26,MATCH('计算过程-数据汇总'!B124,持仓数据!$B$3:$B$26,0),MATCH('计算过程-数据汇总'!A124,'维护-日期'!$B$2:$AF$2,0)),3) -> 14.812 | E124: =D124*1 -> 14.812 | F124: =持仓数据!H74 -> 0.086 | G124: 372 | H124: 372 | I124: 0 | J124: 0 | K124: =IF(持仓数据!H107="",0,持仓数据!H107) -> 372 | L124: =I124*J124 -> 0 | M124: =IFERROR(C124*G124,0) -> 5510.064 | N124: =IFERROR((D124-C124)*(G124-H124),0) -> 0 | O124: =IFERROR((E124-D124)*(G124-H124),0) -> 0 | P124: =IFERROR(F124*(K124-G124),0) -> 0 | Q124: =IFERROR(IF(ABS((E124-C124)/C124)>0.2,IF(SUM(N124:O124)<0,ABS(G124-H124)*(ABS(C124-E124)-C124*0.2),0),0),IF(SUM(N124:O124)<0,ABS(G124-H124)*(ABS(C124-E124)-C124*0.2),0)) -> 0 | R124: =IFERROR(K124*C124,0) -> 5510.064 | S124: =IFERROR((D124-E124)*(K124-G124),0) -> 0 | T124: =IFERROR((F124-D124)*(K124-G124),0) -> 0 | U124: =IFERROR((D124-C124)*(K124-H124),0) -> 0 | V124: =IFERROR((E124-D124)*(K124-H124),0) -> 0 | X124: =ROUND(D124*1.2-SUM(Y124,AB124,AE124,AH124,AK124,AN124,AQ124,AT124,AW124,AZ124,BC124,BF124,BI124,BL124,BO124),3) -> 17.688 | Y124: =交易记录!I7 -> 0.086 | Z124: =交易记录!I38 -> 372 | AA124: =IFERROR((Z124-G124)*Y124,0) -> 0 | AB124: =交易记录!I71 -> 0 | AC124: =交易记录!I102 -> 0 | AD124: =IFERROR((AC124-$G124)*AB124,0) -> 0 | AE124: =交易记录!I135 -> 0 | AF124: =交易记录!I166 -> 0 | AG124: =IFERROR((AF124-$G124)*AE124,0) -> 0 | AH124: =交易记录!I199 -> 0 | AI124: =交易记录!I230 -> 0 | AJ124: =IFERROR((AI124-$G124)*AH124,0) -> 0 | AK124: =交易记录!I263 -> 0 | AL124: =交易记录!I294 -> 0 | AM124: =IFERROR((AL124-$G124)*AK124,0) -> 0 | AN124: =交易记录!I327 -> 0 | AO124: =交易记录!I358 -> 0 | AP124: =IFERROR((AO124-$G124)*AN124,0) -> 0 | AQ124: =交易记录!I391 -> 0 | AR124: =交易记录!I422 -> 0 | AS124: =IFERROR((AR124-$G124)*AQ124,0) -> 0 | AT124: =交易记录!I455 -> 0 | AU124: =交易记录!I486 -> 0 | AV124: =IFERROR((AU124-$G124)*AT124,0) -> 0 | AW124: =交易记录!I519 -> 0 | AX124: =交易记录!I550 -> 0 | AY124: =IFERROR((AX124-$G124)*AW124,0) -> 0 | AZ124: =交易记录!I583 -> 0 | BA124: =交易记录!I614 -> 0 | BB124: =IFERROR((BA124-$G124)*AZ124,0) -> 0 | BC124: =交易记录!I647 -> 0 | BD124: =交易记录!I678 -> 0 | BE124: =IFERROR((BD124-$G124)*BC124,0) -> 0 | BF124: =交易记录!I711 -> 0 | BG124: =交易记录!I742 -> 0 | BH124: =IFERROR((BG124-$G124)*BF124,0) -> 0 | BI124: =交易记录!I775 -> 0 | BJ124: =交易记录!I806 -> 0 | BK124: =IFERROR((BJ124-$G124)*BI124,0) -> 0 | BL124: =交易记录!I839 -> 0 | BM124: =交易记录!I870 -> 0 | BN124: =IFERROR((BM124-$G124)*BL124,0) -> 0 | BO124: =交易记录!I903 -> 0 | BP124: =交易记录!I934 -> 0 | BQ124: =IFERROR((BP124-$G124)*BO124,0) -> 0
A125: ='维护-日期'!A$8 -> 46271 | B125: 03:00-04:00 | C125: =D125 -> 13.836 | D125: =ROUND(INDEX(持仓数据!$C$3:$AG$26,MATCH('计算过程-数据汇总'!B125,持仓数据!$B$3:$B$26,0),MATCH('计算过程-数据汇总'!A125,'维护-日期'!$B$2:$AF$2,0)),3) -> 13.836 | E125: =D125*1 -> 13.836 | F125: =持仓数据!H75 -> 0.077 | G125: 372 | H125: 372 | I125: 0 | J125: 0 | K125: =IF(持仓数据!H108="",0,持仓数据!H108) -> 372 | L125: =I125*J125 -> 0 | M125: =IFERROR(C125*G125,0) -> 5146.992 | N125: =IFERROR((D125-C125)*(G125-H125),0) -> 0 | O125: =IFERROR((E125-D125)*(G125-H125),0) -> 0 | P125: =IFERROR(F125*(K125-G125),0) -> 0 | Q125: =IFERROR(IF(ABS((E125-C125)/C125)>0.2,IF(SUM(N125:O125)<0,ABS(G125-H125)*(ABS(C125-E125)-C125*0.2),0),0),IF(SUM(N125:O125)<0,ABS(G125-H125)*(ABS(C125-E125)-C125*0.2),0)) -> 0 | R125: =IFERROR(K125*C125,0) -> 5146.992 | S125: =IFERROR((D125-E125)*(K125-G125),0) -> 0 | T125: =IFERROR((F125-D125)*(K125-G125),0) -> 0 | U125: =IFERROR((D125-C125)*(K125-H125),0) -> 0 | V125: =IFERROR((E125-D125)*(K125-H125),0) -> 0 | X125: =ROUND(D125*1.2-SUM(Y125,AB125,AE125,AH125,AK125,AN125,AQ125,AT125,AW125,AZ125,BC125,BF125,BI125,BL125,BO125),3) -> 16.526 | Y125: =交易记录!I8 -> 0.077 | Z125: =交易记录!I39 -> 372 | AA125: =IFERROR((Z125-G125)*Y125,0) -> 0 | AB125: =交易记录!I72 -> 0 | AC125: =交易记录!I103 -> 0 | AD125: =IFERROR((AC125-$G125)*AB125,0) -> 0 | AE125: =交易记录!I136 -> 0 | AF125: =交易记录!I167 -> 0 | AG125: =IFERROR((AF125-$G125)*AE125,0) -> 0 | AH125: =交易记录!I200 -> 0 | AI125: =交易记录!I231 -> 0 | AJ125: =IFERROR((AI125-$G125)*AH125,0) -> 0 | AK125: =交易记录!I264 -> 0 | AL125: =交易记录!I295 -> 0 | AM125: =IFERROR((AL125-$G125)*AK125,0) -> 0 | AN125: =交易记录!I328 -> 0 | AO125: =交易记录!I359 -> 0 | AP125: =IFERROR((AO125-$G125)*AN125,0) -> 0 | AQ125: =交易记录!I392 -> 0 | AR125: =交易记录!I423 -> 0 | AS125: =IFERROR((AR125-$G125)*AQ125,0) -> 0 | AT125: =交易记录!I456 -> 0 | AU125: =交易记录!I487 -> 0 | AV125: =IFERROR((AU125-$G125)*AT125,0) -> 0 | AW125: =交易记录!I520 -> 0 | AX125: =交易记录!I551 -> 0 | AY125: =IFERROR((AX125-$G125)*AW125,0) -> 0 | AZ125: =交易记录!I584 -> 0 | BA125: =交易记录!I615 -> 0 | BB125: =IFERROR((BA125-$G125)*AZ125,0) -> 0 | BC125: =交易记录!I648 -> 0 | BD125: =交易记录!I679 -> 0 | BE125: =IFERROR((BD125-$G125)*BC125,0) -> 0 | BF125: =交易记录!I712 -> 0 | BG125: =交易记录!I743 -> 0 | BH125: =IFERROR((BG125-$G125)*BF125,0) -> 0 | BI125: =交易记录!I776 -> 0 | BJ125: =交易记录!I807 -> 0 | BK125: =IFERROR((BJ125-$G125)*BI125,0) -> 0 | BL125: =交易记录!I840 -> 0 | BM125: =交易记录!I871 -> 0 | BN125: =IFERROR((BM125-$G125)*BL125,0) -> 0 | BO125: =交易记录!I904 -> 0 | BP125: =交易记录!I935 -> 0 | BQ125: =IFERROR((BP125-$G125)*BO125,0) -> 0
A126: ='维护-日期'!A$8 -> 46271 | B126: 04:00-05:00 | C126: =D126 -> 13.28 | D126: =ROUND(INDEX(持仓数据!$C$3:$AG$26,MATCH('计算过程-数据汇总'!B126,持仓数据!$B$3:$B$26,0),MATCH('计算过程-数据汇总'!A126,'维护-日期'!$B$2:$AF$2,0)),3) -> 13.28 | E126: =D126*1 -> 13.28 | F126: =持仓数据!H76 -> 0.075 | G126: 372 | H126: 372 | I126: 0 | J126: 0 | K126: =IF(持仓数据!H109="",0,持仓数据!H109) -> 372 | L126: =I126*J126 -> 0 | M126: =IFERROR(C126*G126,0) -> 4940.16 | N126: =IFERROR((D126-C126)*(G126-H126),0) -> 0 | O126: =IFERROR((E126-D126)*(G126-H126),0) -> 0 | P126: =IFERROR(F126*(K126-G126),0) -> 0 | Q126: =IFERROR(IF(ABS((E126-C126)/C126)>0.2,IF(SUM(N126:O126)<0,ABS(G126-H126)*(ABS(C126-E126)-C126*0.2),0),0),IF(SUM(N126:O126)<0,ABS(G126-H126)*(ABS(C126-E126)-C126*0.2),0)) -> 0 | R126: =IFERROR(K126*C126,0) -> 4940.16 | S126: =IFERROR((D126-E126)*(K126-G126),0) -> 0 | T126: =IFERROR((F126-D126)*(K126-G126),0) -> 0 | U126: =IFERROR((D126-C126)*(K126-H126),0) -> 0 | V126: =IFERROR((E126-D126)*(K126-H126),0) -> 0 | X126: =ROUND(D126*1.2-SUM(Y126,AB126,AE126,AH126,AK126,AN126,AQ126,AT126,AW126,AZ126,BC126,BF126,BI126,BL126,BO126),3) -> 15.861 | Y126: =交易记录!I9 -> 0.075 | Z126: =交易记录!I40 -> 372 | AA126: =IFERROR((Z126-G126)*Y126,0) -> 0 | AB126: =交易记录!I73 -> 0 | AC126: =交易记录!I104 -> 0 | AD126: =IFERROR((AC126-$G126)*AB126,0) -> 0 | AE126: =交易记录!I137 -> 0 | AF126: =交易记录!I168 -> 0 | AG126: =IFERROR((AF126-$G126)*AE126,0) -> 0 | AH126: =交易记录!I201 -> 0 | AI126: =交易记录!I232 -> 0 | AJ126: =IFERROR((AI126-$G126)*AH126,0) -> 0 | AK126: =交易记录!I265 -> 0 | AL126: =交易记录!I296 -> 0 | AM126: =IFERROR((AL126-$G126)*AK126,0) -> 0 | AN126: =交易记录!I329 -> 0 | AO126: =交易记录!I360 -> 0 | AP126: =IFERROR((AO126-$G126)*AN126,0) -> 0 | AQ126: =交易记录!I393 -> 0 | AR126: =交易记录!I424 -> 0 | AS126: =IFERROR((AR126-$G126)*AQ126,0) -> 0 | AT126: =交易记录!I457 -> 0 | AU126: =交易记录!I488 -> 0 | AV126: =IFERROR((AU126-$G126)*AT126,0) -> 0 | AW126: =交易记录!I521 -> 0 | AX126: =交易记录!I552 -> 0 | AY126: =IFERROR((AX126-$G126)*AW126,0) -> 0 | AZ126: =交易记录!I585 -> 0 | BA126: =交易记录!I616 -> 0 | BB126: =IFERROR((BA126-$G126)*AZ126,0) -> 0 | BC126: =交易记录!I649 -> 0 | BD126: =交易记录!I680 -> 0 | BE126: =IFERROR((BD126-$G126)*BC126,0) -> 0 | BF126: =交易记录!I713 -> 0 | BG126: =交易记录!I744 -> 0 | BH126: =IFERROR((BG126-$G126)*BF126,0) -> 0 | BI126: =交易记录!I777 -> 0 | BJ126: =交易记录!I808 -> 0 | BK126: =IFERROR((BJ126-$G126)*BI126,0) -> 0 | BL126: =交易记录!I841 -> 0 | BM126: =交易记录!I872 -> 0 | BN126: =IFERROR((BM126-$G126)*BL126,0) -> 0 | BO126: =交易记录!I905 -> 0 | BP126: =交易记录!I936 -> 0 | BQ126: =IFERROR((BP126-$G126)*BO126,0) -> 0
A127: ='维护-日期'!A$8 -> 46271 | B127: 05:00-06:00 | C127: =D127 -> 12.787 | D127: =ROUND(INDEX(持仓数据!$C$3:$AG$26,MATCH('计算过程-数据汇总'!B127,持仓数据!$B$3:$B$26,0),MATCH('计算过程-数据汇总'!A127,'维护-日期'!$B$2:$AF$2,0)),3) -> 12.787 | E127: =D127*1 -> 12.787 | F127: =持仓数据!H77 -> 0.075 | G127: 372 | H127: 372 | I127: 0 | J127: 0 | K127: =IF(持仓数据!H110="",0,持仓数据!H110) -> 372 | L127: =I127*J127 -> 0 | M127: =IFERROR(C127*G127,0) -> 4756.764 | N127: =IFERROR((D127-C127)*(G127-H127),0) -> 0 | O127: =IFERROR((E127-D127)*(G127-H127),0) -> 0 | P127: =IFERROR(F127*(K127-G127),0) -> 0 | Q127: =IFERROR(IF(ABS((E127-C127)/C127)>0.2,IF(SUM(N127:O127)<0,ABS(G127-H127)*(ABS(C127-E127)-C127*0.2),0),0),IF(SUM(N127:O127)<0,ABS(G127-H127)*(ABS(C127-E127)-C127*0.2),0)) -> 0 | R127: =IFERROR(K127*C127,0) -> 4756.764 | S127: =IFERROR((D127-E127)*(K127-G127),0) -> 0 | T127: =IFERROR((F127-D127)*(K127-G127),0) -> 0 | U127: =IFERROR((D127-C127)*(K127-H127),0) -> 0 | V127: =IFERROR((E127-D127)*(K127-H127),0) -> 0 | X127: =ROUND(D127*1.2-SUM(Y127,AB127,AE127,AH127,AK127,AN127,AQ127,AT127,AW127,AZ127,BC127,BF127,BI127,BL127,BO127),3) -> 15.269 | Y127: =交易记录!I10 -> 0.075 | Z127: =交易记录!I41 -> 372 | AA127: =IFERROR((Z127-G127)*Y127,0) -> 0 | AB127: =交易记录!I74 -> 0 | AC127: =交易记录!I105 -> 0 | AD127: =IFERROR((AC127-$G127)*AB127,0) -> 0 | AE127: =交易记录!I138 -> 0 | AF127: =交易记录!I169 -> 0 | AG127: =IFERROR((AF127-$G127)*AE127,0) -> 0 | AH127: =交易记录!I202 -> 0 | AI127: =交易记录!I233 -> 0 | AJ127: =IFERROR((AI127-$G127)*AH127,0) -> 0 | AK127: =交易记录!I266 -> 0 | AL127: =交易记录!I297 -> 0 | AM127: =IFERROR((AL127-$G127)*AK127,0) -> 0 | AN127: =交易记录!I330 -> 0 | AO127: =交易记录!I361 -> 0 | AP127: =IFERROR((AO127-$G127)*AN127,0) -> 0 | AQ127: =交易记录!I394 -> 0 | AR127: =交易记录!I425 -> 0 | AS127: =IFERROR((AR127-$G127)*AQ127,0) -> 0 | AT127: =交易记录!I458 -> 0 | AU127: =交易记录!I489 -> 0 | AV127: =IFERROR((AU127-$G127)*AT127,0) -> 0 | AW127: =交易记录!I522 -> 0 | AX127: =交易记录!I553 -> 0 | AY127: =IFERROR((AX127-$G127)*AW127,0) -> 0 | AZ127: =交易记录!I586 -> 0 | BA127: =交易记录!I617 -> 0 | BB127: =IFERROR((BA127-$G127)*AZ127,0) -> 0 | BC127: =交易记录!I650 -> 0 | BD127: =交易记录!I681 -> 0 | BE127: =IFERROR((BD127-$G127)*BC127,0) -> 0 | BF127: =交易记录!I714 -> 0 | BG127: =交易记录!I745 -> 0 | BH127: =IFERROR((BG127-$G127)*BF127,0) -> 0 | BI127: =交易记录!I778 -> 0 | BJ127: =交易记录!I809 -> 0 | BK127: =IFERROR((BJ127-$G127)*BI127,0) -> 0 | BL127: =交易记录!I842 -> 0 | BM127: =交易记录!I873 -> 0 | BN127: =IFERROR((BM127-$G127)*BL127,0) -> 0 | BO127: =交易记录!I906 -> 0 | BP127: =交易记录!I937 -> 0 | BQ127: =IFERROR((BP127-$G127)*BO127,0) -> 0
